"""cf: titelgrupp,type:text""",title,description,location,"""cf: plats,type:text""","""cf: rum,type:text""","""cf: lage,type:text""",tags,"""cf: Secondtag,type:text""","""cf: kit,type:text""",custodian,"""cf: status,type:text""","""cf: latest inventory date,type:date""","""cf: inventory status,type:boolean""","""cf: available,type:date""","""cf: repair,type:boolean""","""cf: inStock,type:boolean""","""cf: Reserved,type:multiline text""","""cf: purchasedate,type:date""","""cf: value,type:text""","""cf: retailer,type:multiline text""","""cf: retailname,type:multiline text"""
Ansiktsmålning,Ansiktsmålning,,Karsvik,Ladan,Pysselhurts,,Förbrukningsvara,,,kv,,8/24/2023,,,,,,,,,
Arbetshandskar,Arbetshandskar 1,,Hajkförrådet,,,,Säkerhet,,,,,,,,,,,,,,
Arbetshandskar,Arbetshandskar 2,,Hajkförrådet,,,,Säkerhet,,,,,,,,,,,,,,
Arbetshandskar,Arbetshandskar 3,,Hajkförrådet,,,,Säkerhet,,,,,,,,,,,,,,
Arbetshandskar,Arbetshandskar 4,,Hajkförrådet,,,,Säkerhet,,,,,,,,,,,,,,
Arbetshandskar,Arbetshandskar 5,,Hajkförrådet,,,,Säkerhet,,,,,,,,,,,,,,
Arbetshandskar,Arbetshandskar 6,,Hajkförrådet,,,,Säkerhet,,,,,,,,,,,,,,
Arbetshandskar,Arbetshandskar 7,,Hajkförrådet,,,,Säkerhet,,,,,,,,,,,,,,
Arbetshandskar,Arbetshandskar 8,,Hajkförrådet,,,,Säkerhet,,,,,,,,,,,,,,
Arbetshandskar,Arbetshandskar 9,,Hajkförrådet,,,,Säkerhet,,,,,,,,,,,,,,
Arbetshandskar,Arbetshandskar 10,,Hajkförrådet,,,,Säkerhet,,,,,,,,,,,,,,
Arbetshandskar,Arbetshandskar 11,,Hajkförrådet,,,,Säkerhet,,,,,,,,,,,,,,
Arbetshandskar,Arbetshandskar 12,,Hajkförrådet,,,,Säkerhet,,,,,,,,,,,,,,
Arbetshandskar,Arbetshandskar 13,,Hajkförrådet,,,,Säkerhet,,,,,,,,,,,,,,
Arbetshandskar,Arbetshandskar 14,,Hajkförrådet,,,,Säkerhet,,,,,,,,,,,,,,
Arbetshandskar,Arbetshandskar 15,,Hajkförrådet,,,,Säkerhet,,,,,,,,,,,,,,
Arbetshandskar,Arbetshandskar 16,,Hajkförrådet,,,,Säkerhet,,,,,,,,,,,,,,
Arbetshandskar,Arbetshandskar 17,,Hajkförrådet,,,,Säkerhet,,,,,,,,,,,,,,
Arbetshandskar,Arbetshandskar 18,,Hajkförrådet,,,,Säkerhet,,,,,,,,,,,,,,
Arbetshandskar,Arbetshandskar 19,,Hajkförrådet,,,,Säkerhet,,,,,,,,,,,,,,
Arbetshandskar,Arbetshandskar 20,,Hajkförrådet,,,,Säkerhet,,,,,,,,,,,,,,
Arbetshandskar,Arbetshandskar 21,,Hajkförrådet,,,,Säkerhet,,,,,,,,,,,,,,
Askhink(plåt) med Askspade,Askhink(plåt) med Askspade,,Karsvik,Kallforradet,,,Elda,,,kv,,8/24/2023,,,,,,,,,
Bakgryta till stormkök,Bakgryta till stormkök 1,,Hajkförrådet,,,,Mat,,,,,,,,,,,,,,
Bakgryta till stormkök,Bakgryta till stormkök 2,,Hajkförrådet,,,,Mat,,,,,,,,,,,,,,
Boombox märkt Ladan ,Boombox märkt Ladan ,,Karsvik,Ladan,Stolsförråd,,Elektronik,Musik,,kv,,8/24/2023,,,,,,,,,
Boombox märkt Östergården ,Boombox märkt Östergården ,,Karsvik,Ostergarden,Mötesförrådet,,Elektronik,Musik,,kv,,8/24/2023,,,,,,,,,
Borrplatta,Borrplatta,,Karsvik,Kallforradet,,,Övrigt,,,kv,,8/24/2023,,,,,,,,,
Borste med handskyffel,Borste med handskyffel 1,,Hajkförrådet,,,,Sova,Tältstäd,,,,,,,,,,,,,
Borste med handskyffel,Borste med handskyffel 2,,Hajkförrådet,,,,Sova,Tältstäd,,,,,,,,,,,,,
Borste med handskyffel,Borste med handskyffel 3,,Hajkförrådet,,,,Sova,Tältstäd,,,,,,,,,,,,,
Borste med handskyffel,Borste med handskyffel 4,,Hajkförrådet,,,,Sova,Tältstäd,,,,,,,,,,,,,
Brandfilt,Brandfilt 1,,Hajkförrådet,,,,Säkerhet,Brand,,,,,,,,,,,,,
Brandfilt,Brandfilt 2,,Hajkförrådet,,,,Säkerhet,Brand,,,,,,,,,,,,,
Brandfilt,Brandfilt 3,,Hajkförrådet,,,,Säkerhet,Brand,,,,,,,,,,,,,
Brandfilt,Brandfilt 4,,Hajkförrådet,,,,Säkerhet,Brand,,,,,,,,,,,,,
Brandfilt,Brandfilt 5,,Hajkförrådet,,,,Säkerhet,Brand,,,,,,,,,,,,,
Brandfilt,Brandfilt 6,,Hajkförrådet,,,,Säkerhet,Brand,,,,,,,,,,,,,
Brandsläckare liten 2Kg,Brandsläckare liten 2Kg,,Hajkförrådet,,,,Säkerhet,Brand,,,,,,,,,,,,,
Brandövningskit med docka,Brandövningskit med docka,,Hajkförrådet,,,,Program,Brand,,,,,,,,,,,,,
Bryne,Bryne 1,,Karsvik,Ostergarden,Mötesförrådet,Knivar,Verktyg,,,kv,,8/24/2023,,,,,,,,,
Bryne,Bryne 2,,Karsvik,Ostergarden,Mötesförrådet,Knivar,Verktyg,,,kv,,45162,,,,,,,,,
Bryne,Bryne 1,,Hajkförrådet,,,,Verktyg,,,,,,,,,,,,,,
Bryne,Bryne 2,,Hajkförrådet,,,,Verktyg,,,,,,,,,,,,,,
Brändamandelkitt,Brändamandelkitt,,Hajkförrådet,,,,Mat,,BrändaMandlar,,,,,,,,,,,,
Bränsleflaska Grön  1L,Bränsleflaska Grön  1L 1,Lampolja,Karsvik,Ostergarden,Mötesförrådet,,Elda,Bränsle,,kv,,8/24/2023,,,,,,,,,
Bränsleflaska Grön  1L,Bränsleflaska Grön  1L 2,Lampolja,Karsvik,Ostergarden,Mötesförrådet,,Elda,Bränsle,,kv,,8/24/2023,,,,,,,,,
Bränsleflaska Grön  1L,Bränsleflaska Grön  1L 3,Lampolja,Karsvik,Ostergarden,Mötesförrådet,,Elda,Bränsle,,kv,,8/24/2023,,,,,,,,,
Bränsleflaska Grön  1L,Bränsleflaska Grön  1L 4,Lampolja,Karsvik,Ostergarden,Mötesförrådet,,Elda,Bränsle,,kv,,8/24/2023,,,,,,,,,
Bränsleflaska Grön  1L,Bränsleflaska Grön  1L 1,Lampolja,Hajkförrådet,,,,Elda,Bränsle,,,,,,,,,,,,,
Bränsleflaska Grön  1L,Bränsleflaska Grön  1L 2,Lampolja,Hajkförrådet,,,,Elda,Bränsle,,,,,,,,,,,,,
Bränsleflaska Grön  1L,Bränsleflaska Grön  1L 3,Lampolja,Hajkförrådet,,,,Elda,Bränsle,,,,,,,,,,,,,
Bränsleflaska Grön  1L,Bränsleflaska Grön  1L 4,Lampolja,Hajkförrådet,,,,Elda,Bränsle,,,,,,,,,,,,,
"Bränsleflaska Röd 0,5l",Bränsleflaska Röd 0.5L 1,Tenol,Hajkförrådet,,,,Elda,Bränsle,,,,,,,,,,,,,
"Bränsleflaska Röd 0,5l",Bränsleflaska Röd 0.5L 2,Tenol,Hajkförrådet,,,,Elda,Bränsle,,,,,,,,,,,,,
"Bränsleflaska Röd 0,5l",Bränsleflaska Röd 0.5L 3,Tenol,Hajkförrådet,,,,Elda,Bränsle,,,,,,,,,,,,,
"Bränsleflaska Röd 0,5l",Bränsleflaska Röd 0.5L 4,Tenol,Hajkförrådet,,,,Elda,Bränsle,,,,,,,,,,,,,
"Bränsleflaska Röd 0,5l",Bränsleflaska Röd 0.5L 5,Tenol,Hajkförrådet,,,,Elda,Bränsle,,,,,,,,,,,,,
"Bränsleflaska Röd 0,5l",Bränsleflaska Röd 0.5L 6,Tenol,Hajkförrådet,,,,Elda,Bränsle,,,,,,,,,,,,,
"Bränsleflaska Röd 0,5l",Bränsleflaska Röd 0.5L 7,Tenol,Hajkförrådet,,,,Elda,Bränsle,,,,,,,,,,,,,
"Bränsleflaska Röd 0,5l",Bränsleflaska Röd 0.5L 8,Tenol,Hajkförrådet,,,,Elda,Bränsle,,,,,,,,,,,,,
"Bränsleflaska Röd 0,5l",Bränsleflaska Röd 0.5L 9,Tenol,Hajkförrådet,,,,Elda,Bränsle,,,,,,,,,,,,,
"Bränsleflaska Röd 0,5l",Bränsleflaska Röd 0.5L 10,Tenol,Hajkförrådet,,,,Elda,Bränsle,,,,,,,,,,,,,
"Bränsleflaska Röd 0,5l",Bränsleflaska Röd 0.5L 11,Tenol,Hajkförrådet,,,,Elda,Bränsle,,,,,,,,,,,,,
"Bränsleflaska Röd 0,5l",Bränsleflaska Röd 0.5L 12,Tenol,Hajkförrådet,,,,Elda,Bränsle,,,,,,,,,,,,,
"Bränsleflaska Röd 0,5l",Bränsleflaska Röd 0.5L 13,Tenol,Hajkförrådet,,,,Elda,Bränsle,,,,,,,,,,,,,
"Bränsleflaska Röd 0,5l",Bränsleflaska Röd 0.5L 14,Tenol,Hajkförrådet,,,,Elda,Bränsle,,,,,,,,,,,,,
"Bränsleflaska Röd 0,5l",Bränsleflaska Röd 0.5L 15,Tenol,Hajkförrådet,,,,Elda,Bränsle,,,,,,,,,,,,,
"Bränsleflaska Röd 0,5l",Bränsleflaska Röd 0.5L 16,Tenol,Hajkförrådet,,,,Elda,Bränsle,,,,,,,,,,,,,
Bränsleflaska Röd 1L,Bränsleflaska Röd 1L 1,Tenol,Hajkförrådet,,,,Elda,Bränsle,,,,,,,,,,,,,
Bränsleflaska Röd 1L,Bränsleflaska Röd 1L 2,Tenol,Hajkförrådet,,,,Elda,Bränsle,,,,,,,,,,,,,
Bränsleflaska Röd 1L,Bränsleflaska Röd 1L 3,Tenol,Hajkförrådet,,,,Elda,Bränsle,,,,,,,,,,,,,
Bränsleflaska Röd 1L,Bränsleflaska Röd 1L 4,Tenol,Hajkförrådet,,,,Elda,Bränsle,,,,,,,,,,,,,
Bränsleflaska Röd 1L,Bränsleflaska Röd 1L 1,Tenol,Karsvik,Ostergarden,Mötesförrådet,,Elda,Bränsle,,kv,,8/24/2023,,,,,,,,,
Bränsleflaska Röd 1L,Bränsleflaska Röd 1L 2,Tenol,Karsvik,Ostergarden,Mötesförrådet,,Elda,Bränsle,,kv,,8/24/2023,,,,,,,,,
Bränsleflaska Röd 1L,Bränsleflaska Röd 1L 3,Tenol,Karsvik,Ostergarden,Mötesförrådet,,Elda,Bränsle,,kv,,8/24/2023,,,,,,,,,
Bränsleflaska Röd 1L,Bränsleflaska Röd 1L 4,Tenol,Karsvik,Ostergarden,Mötesförrådet,,Elda,Bränsle,,kv,,8/24/2023,,,,,,,,,
Bränsleflaska Röd 1L,Bränsleflaska Röd 1L 5,Tenol,Karsvik,Ostergarden,Mötesförrådet,,Elda,Bränsle,,kv,,8/24/2023,,,,,,,,,
Bränsleflaska Röd 1L,Bränsleflaska Röd 1L 6,Tenol,Karsvik,Ostergarden,Mötesförrådet,,Elda,Bränsle,,kv,,8/24/2023,,,,,,,,,
Bågsåg,Bågsåg 1,,Karsvik,Ostergarden,Mötesförrådet,Sågar,Verktyg,Sågar,,kv,,8/24/2023,,,,,,,,,
Bågsåg,Bågsåg 2,,Karsvik,Ostergarden,Mötesförrådet,Sågar,Verktyg,Sågar,,kv,,8/24/2023,,,,,,,,,
Bågsåg,Bågsåg 3,,Karsvik,Ostergarden,Mötesförrådet,Sågar,Verktyg,Sågar,,kv,,8/24/2023,,,,,,,,,
Bågsåg,Bågsåg 4,,Karsvik,Ostergarden,Mötesförrådet,Sågar,Verktyg,Sågar,,kv,,8/24/2023,,,,,,,,,
Bågsåg hopfällbar,Bågsåg hopfällbar 1,,Hajkförrådet,,,,Verktyg,Sågar,,,,,,,,,,,,,
Bågsåg hopfällbar,Bågsåg hopfällbar 2,,Hajkförrådet,,,,Verktyg,Sågar,,,,,,,,,,,,,
Bågsåg hopfällbar,Bågsåg hopfällbar 3,,Hajkförrådet,,,,Verktyg,Sågar,,,,,,,,,,,,,
Bågsåg hopfällbar,Bågsåg hopfällbar 4,,Hajkförrådet,,,,Verktyg,Sågar,,,,,,,,,,,,,
Bågsåg hopfällbar,Bågsåg hopfällbar 5,,Hajkförrådet,,,,Verktyg,Sågar,,,,,,,,,,,,,
Bågsåg hopfällbar,Bågsåg hopfällbar 6,,Hajkförrådet,,,,Verktyg,Sågar,,,,,,,,,,,,,
Bågsåg hopfällbar,Bågsåg hopfällbar 7,,Hajkförrådet,,,,Verktyg,Sågar,,,,,,,,,,,,,
Bågsåg hopfällbar,Bågsåg hopfällbar 8,,Hajkförrådet,,,,Verktyg,Sågar,,,,,,,,,,,,,
Bågsåg liten,Bågsåg liten 1,,Hajkförrådet,,,,Verktyg,Sågar,,,,,,,,,,,,,
Bågsåg liten,Bågsåg liten 2,,Hajkförrådet,,,,Verktyg,Sågar,,,,,,,,,,,,,
Bågsåg liten,Bågsåg liten 3,,Hajkförrådet,,,,Verktyg,Sågar,,,,,,,,,,,,,
Bågsåg liten,Bågsåg liten 4,,Hajkförrådet,,,,Verktyg,Sågar,,,,,,,,,,,,,
Bågsåg liten,Bågsåg liten 5,,Hajkförrådet,,,,Verktyg,Sågar,,,,,,,,,,,,,
"Bågsåg, stor","Bågsåg, stor 1",,Hajkförrådet,,,,Verktyg,Sågar,,,,,,,,,,,,,
"Bågsåg, stor","Bågsåg, stor 2",,Hajkförrådet,,,,Verktyg,Sågar,,,,,,,,,,,,,
"Bågsåg, stor","Bågsåg, stor 3",,Hajkförrådet,,,,Verktyg,Sågar,,,,,,,,,,,,,
Båtsurrningspållare,Båtsurrningspållare 1,,Karsvik,Kallforradet,,,Övrigt,,,kv,,8/24/2023,,,,,,,,,
Båtsurrningspållare,Båtsurrningspållare 2,,Karsvik,Kallforradet,,,Övrigt,,,kv,,8/24/2023,,,,,,,,,
Båtsurrningspållare,Båtsurrningspållare 3,,Karsvik,Kallforradet,,,Övrigt,,,kv,,8/24/2023,,,,,,,,,
Båtsurrningspållare,Båtsurrningspållare 4,,Karsvik,Kallforradet,,,Övrigt,,,kv,,8/24/2023,,,,,,,,,
Båtsurrningspållare,Båtsurrningspållare 5,,Karsvik,Kallforradet,,,Övrigt,,,kv,,8/24/2023,,,,,,,,,
com-Kit,Com-Kit,,Hajkförrådet,,,,Elektronik,,ComKit,,,,,,,,,,,,
Cykelkärra,Cykelkärra 1,,Hajkförrådet,,,,transport,,,,,,,,,,,,,,
Cykelkärra,Cykelkärra 2,,Hajkförrådet,,,,transport,,,,,,,,,,,,,,
Diskbalja,Diskbalja 1,,Hajkförrådet,,,,mat,Diska,,,,,,,,,,,,,
Diskbalja,Diskbalja 2,,Hajkförrådet,,,,mat,Diska,,,,,,,,,,,,,
Diskbalja,Diskbalja 3,,Hajkförrådet,,,,mat,Diska,,,,,,,,,,,,,
Diskbalja,Diskbalja 4,,Hajkförrådet,,,,mat,Diska,,,,,,,,,,,,,
Diskbalja,Diskbalja 5,,Hajkförrådet,,,,mat,Diska,,,,,,,,,,,,,
Diskbalja,Diskbalja 6,,Hajkförrådet,,,,mat,Diska,,,,,,,,,,,,,
Diskbalja,Diskbalja 7,,Hajkförrådet,,,,mat,Diska,,,,,,,,,,,,,
Diskbalja,Diskbalja 8,,Hajkförrådet,,,,mat,Diska,,,,,,,,,,,,,
Diskbalja,Diskbalja 9,,Hajkförrådet,,,,mat,Diska,,,,,,,,,,,,,
Diskbalja,Diskbalja 10,,Hajkförrådet,,,,mat,Diska,,,,,,,,,,,,,
Diskbalja,Diskbalja 11,,Karsvik,Kallforradet,,,Disk,Diska,,kv,,8/24/2023,,,,,,,,,
Diskbalja,Diskbalja 12,,Karsvik,Kallforradet,,,Disk,Diska,,kv,,8/24/2023,,,,,,,,,
Diskbalja,Diskbalja 13,,Karsvik,Kallforradet,,,Disk,Diska,,kv,,8/24/2023,,,,,,,,,
Diskbalja,Diskbalja 14,,Karsvik,Kallforradet,,,Disk,Diska,,kv,,8/24/2023,,,,,,,,,
Diskbalja,Diskbalja 15,,Karsvik,Kallforradet,,,Disk,Diska,,kv,,8/24/2023,,,,,,,,,
Diskbalja,Diskbalja 16,,Karsvik,Kallforradet,,,Disk,Diska,,kv,,8/24/2023,,,,,,,,,
Diskbalja,Diskbalja 17,,Karsvik,Kallforradet,,,Disk,Diska,,kv,,8/24/2023,,,,,,,,,
Diskbalja,Diskbalja 18,,Karsvik,Kallforradet,,,Disk,Diska,,kv,,8/24/2023,,,,,,,,,
Diskbalja,Diskbalja 19,,Karsvik,Kallforradet,,,Disk,Diska,,kv,,8/24/2023,,,,,,,,,
Diskbalja,Diskbalja 20,,Karsvik,Kallforradet,,,Disk,Diska,,kv,,8/24/2023,,,,,,,,,
Diskbalja,Diskbalja 21,,Karsvik,Kallforradet,,,Disk,Diska,,kv,,8/24/2023,,,,,,,,,
Diskbalja,Diskbalja 22,,Karsvik,Kallforradet,,,Disk,Diska,,kv,,8/24/2023,,,,,,,,,
Div garn ,Div garn ,,Karsvik,Ostergarden,Mötesförrådet,,Förbrukningsvara,,,kv,,8/24/2023,,,,,,,,,
Div läder ,Div läder ,,Karsvik,Ostergarden,Mötesförrådet,,Förbrukningsvara,,,kv,,8/24/2023,,,,,,,,,
Div Pyssel,Div Pyssel,,Karsvik,Ladan,Pysselhurts,,Förbrukningsvara,,,kv,,8/24/2023,,,,,,,,,
Div pysselpapper & Filt,Div pysselpapper & Filt,,Karsvik,Ladan,Pysselhurts,,Förbrukningsvara,,,kv,,8/24/2023,,,,,,,,,
Div sjukvårds materiel ,Div sjukvårds materiel ,,Karsvik,Ostergarden,Mötesförrådet,,Förbrukningsvara,,,kv,,8/24/2023,,,,,,,,,
Div tråd och snören ,Div tråd och snören ,,Karsvik,Ostergarden,Mötesförrådet,,Förbrukningsvara,,,kv,,8/24/2023,,,,,,,,,
Div tyg ,Div tyg ,,Karsvik,Ostergarden,Mötesförrådet,,Förbrukningsvara,,,kv,,8/24/2023,,,,,,,,,
Div: Färg & Penslar,Div: Färg & Penslar,,Karsvik,Ladan,Pysselhurts,,Förbrukningsvara,,,kv,,8/24/2023,,,,,,,,,
Dragkampsrep,Dragkampsrep,,Hajkförrådet,,,,Program,,,,,,,,,,,,,,
Dubbelnitverktyg,Dubbelnitverktyg 1,,Karsvik,Ostergarden,Mötesförrådet,Laderslojd,Verktyg,,,kv,,8/24/2023,,,,,,,,,
Dubbelnitverktyg,Dubbelnitverktyg 2,,Karsvik,Ostergarden,Mötesförrådet,Laderslojd,Verktyg,,,kv,,45162,,,,,,,,,
Eldburk,Eldburk 1,,Karsvik,Kallforradet,,,Elda,,,kv,,8/24/2023,,,,,,,,,
Eldburk,Eldburk 2,,Karsvik,Kallforradet,,,Elda,,,kv,,8/24/2023,,,,,,,,,
Eldburk,Eldburk 3,,Karsvik,Kallforradet,,,Elda,,,kv,,8/24/2023,,,,,,,,,
Eldburk,Eldburk 4,,Karsvik,Kallforradet,,,Elda,,,kv,,8/24/2023,,,,,,,,,
Eldburk,Eldburk 5,,Karsvik,Kallforradet,,,Elda,,,kv,,8/24/2023,,,,,,,,,
Eldburk,Eldburk 6,,Karsvik,Kallforradet,,,Elda,,,kv,,8/24/2023,,,,,,,,,
Eldburk,Eldburk 7,,Karsvik,Kallforradet,,,Elda,,,kv,,8/24/2023,,,,,,,,,
Eldburk,Eldburk 8,,Karsvik,Kallforradet,,,Elda,,,kv,,8/24/2023,,,,,,,,,
Eldburk,Eldburk 9,,Karsvik,Kallforradet,,,Elda,,,kv,,8/24/2023,,,,,,,,,
Eldburk,Eldburk 10,,Karsvik,Kallforradet,,,Elda,,,kv,,8/24/2023,,,,,,,,,
Eldburk,Eldburk 11,,Karsvik,Kallforradet,,,Elda,,,kv,,8/24/2023,,,,,,,,,
Eldburk,Eldburk 12,,Karsvik,Kallforradet,,,Elda,,,kv,,8/24/2023,,,,,,,,,
Eldburk,Eldburk 13,,Karsvik,Kallforradet,,,Elda,,,kv,,8/24/2023,,,,,,,,,
Eldburk,Eldburk 14,,Karsvik,Kallforradet,,,Elda,,,kv,,8/24/2023,,,,,,,,,
Eldburk,Eldburk 15,,Karsvik,Kallforradet,,,Elda,,,kv,,8/24/2023,,,,,,,,,
Eldburk,Eldburk 16,,Karsvik,Kallforradet,,,Elda,,,kv,,8/24/2023,,,,,,,,,
Eldburk,Eldburk 17,,Karsvik,Kallforradet,,,Elda,,,kv,,8/24/2023,,,,,,,,,
Eldburk,Eldburk 18,,Karsvik,Kallforradet,,,Elda,,,kv,,8/24/2023,,,,,,,,,
Eldburk,Eldburk 19,,Karsvik,Kallforradet,,,Elda,,,kv,,8/24/2023,,,,,,,,,
Eldburk,Eldburk 20,,Karsvik,Kallforradet,,,Elda,,,kv,,8/24/2023,,,,,,,,,
Eldburk,Eldburk 21,,Karsvik,Kallforradet,,,Elda,,,kv,,8/24/2023,,,,,,,,,
Eldplåt,Eldplåt 5,,Hajkförrådet,,,,Elda,,,,,,,,,,,,,,
Eldplåt,Eldplåt 6,,Hajkförrådet,,,,Elda,,,,,,,,,,,,,,
Eldplåt,Eldplåt 1,,Karsvik,Kallforradet,,,Elda,,,kv,,8/24/2023,,,,,,,,,
Eldplåt,Eldplåt 2,,Karsvik,Kallforradet,,,Elda,,,,,,,,,,,,,,
Eldplåt,Eldplåt 3,,Karsvik,Kallforradet,,,Elda,,,,,,,,,,,,,,
Eldplåt,Eldplåt 4,,Karsvik,Kallforradet,,,Elda,,,,,,,,,,,,,,
Eldskål liten fast ben,Eldskål liten fast ben,,Hajkförrådet,,,,Elda,,,,,,,,,,,,,,
Eldskål med ställning,Eldskål med ställning 1,,Hajkförrådet,,,,Elda,,,,,,,,,,,,,,
Eldskål med ställning,Eldskål med ställning 2,,Hajkförrådet,,,,Elda,,,,,,,,,,,,,,
Eldskål Mellan,Eldskål mellan med ben 1,,Karsvik,Kallforradet,,,Elda,,,kv,,8/24/2023,,,,,,,,,
Eldskål Mellan,Eldskål mellan med ben 2,,,,,,,,,,,,,,,,,,,,
Eldskål Stor,Eldskål större med ben 1,,Karsvik,Kallforradet,,,Elda,,,kv,,8/24/2023,,,,,,,,,
Eldskål Stor,Eldskål större med ben 2,,,,,,,,,,,,,,,,,,,,
Eldskål mindre,Eldskål mindre med ben 1,,Karsvik,Kallforradet,,,Elda,,,kv,,8/24/2023,,,,,,,,,
Eldskål mindre,Eldskål mindre med ben 2,,,,,,,,,,,,,,,,,,,,
Eldskål mindre,Eldskål mindre med ben 3,,,,,,,,,,,,,,,,,,,,
Eldskål mindre,Eldskål mindre med ben 4,,,,,,,,,,,,,,,,,,,,
Figursåg,Figursåg 1,,Karsvik,Ostergarden,Mötesförrådet,Slipverktyg,Verktyg,Sågar,,kv,,8/24/2023,,,,,,,,,
Figursåg,Figursåg 2,,Karsvik,Ostergarden,Mötesförrådet,Slipverktyg,Verktyg,Sågar,,kv,,45162,,,,,,,,,
Fil,Fil,,Karsvik,Ostergarden,Mötesförrådet,Slipverktyg,Verktyg,,,kv,,8/24/2023,,,,,,,,,
Flaggankare,Flaggankare 1,,Hajkförrådet,,,,övrigt,,,,,,,,,,,,,,
Flaggankare,Flaggankare 2,,Hajkförrådet,,,,övrigt,,,,,,,,,,,,,,
Fogsvans,Fogsvans,,Hajkförrådet,,,,Verktyg,Sågar,,,,,,,,,,,,,
Fogsvans,Fogsvans 1,,Karsvik,Ostergarden,Mötesförrådet,Sagar,Verktyg,Sågar,,kv,,8/24/2023,,,,,,,,,
Fogsvans,Fogsvans 2,,Karsvik,Ostergarden,Mötesförrådet,Sagar,Verktyg,Sågar,,kv,,45162,,,,,,,,,
Fältspade liten,Fältspade liten 1,,Hajkförrådet,,,,Verktyg,Spade,,,,,,,,,,,,,
Fältspade liten,Fältspade liten 2,,Hajkförrådet,,,,Verktyg,Spade,,,,,,,,,,,,,
Fältspade liten,Fältspade liten 3,,Hajkförrådet,,,,Verktyg,Spade,,,,,,,,,,,,,
Fältspade liten,Fältspade liten 4,,Hajkförrådet,,,,Verktyg,Spade,,,,,,,,,,,,,
Färgkritor,Färgkritor,,Karsvik,Ladan,Pysselhurts,,Förbrukningsvara,,,kv,,8/24/2023,,,,,,,,,
Färgpennor  /Östergården,Färgpennor  /Östergården,,Karsvik,Ostergarden,Rum,,Förbrukningsvara,,,kv,,8/24/2023,,,,,,,,,
Förbandskudde liten/Patrull,Förbandskudde liten/Patrull 1,,Hajkförrådet,,,,Säkerhet,Sjukvård,,,,,,,,,,,,,
Förbandskudde liten/Patrull,Förbandskudde liten/Patrull 2,,Hajkförrådet,,,,Säkerhet,Sjukvård,,,,,,,,,,,,,
Förbandskudde liten/Patrull,Förbandskudde liten/Patrull 3,,Hajkförrådet,,,,Säkerhet,Sjukvård,,,,,,,,,,,,,
Förbandskudde liten/Patrull,Förbandskudde liten/Patrull 4,,Hajkförrådet,,,,Säkerhet,Sjukvård,,,,,,,,,,,,,
Förbandskudde liten/Patrull,Förbandskudde liten/Patrull 5,,Hajkförrådet,,,,Säkerhet,Sjukvård,,,,,,,,,,,,,
Förbandskudde liten/Patrull,Förbandskudde liten/Patrull 6,,Hajkförrådet,,,,Säkerhet,Sjukvård,,,,,,,,,,,,,
Förbandskudde liten/Patrull,Förbandskudde liten/Patrull 7,,Hajkförrådet,,,,Säkerhet,Sjukvård,,,,,,,,,,,,,
Förbandskudde liten/Patrull,Förbandskudde liten/Patrull 8,,Hajkförrådet,,,,Säkerhet,Sjukvård,,,,,,,,,,,,,
Förbandskudde liten/Patrull,Förbandskudde liten/Patrull 9,,Hajkförrådet,,,,Säkerhet,Sjukvård,,,,,,,,,,,,,
Förbandskudde liten/Patrull,Förbandskudde liten/Patrull 10,,Hajkförrådet,,,,Säkerhet,Sjukvård,,,,,,,,,,,,,
Gasolbrännare för stormkök,Gasolbrännare för stormkök 1,,Karsvik,Ostergarden,Mötesförrådet,,Mat,,,kv,,8/24/2023,,,,,,,,,
Gasolbrännare för stormkök,Gasolbrännare för stormkök 2,,Karsvik,Ostergarden,Mötesförrådet,,Mat,,,kv,,45162,,,,,,,,,
Gasolbrännare för Stormkök,Gasolbrännare för stormkök 1,,Hajkförrådet,,,,Mat,,,,,,,,,,,,,,
Gasolbrännare för Stormkök,Gasolbrännare för stormkök 2,,,,,,,,,,,,,,,,,,,,
Gasolbrännare för Stormkök,Gasolbrännare för stormkök 3,,,,,,,,,,,,,,,,,,,,
Gasolbrännare för Stormkök,Gasolbrännare för stormkök 4,,,,,,,,,,,,,,,,,,,,
Gasolbrännare för Stormkök,Gasolbrännare för stormkök 5,,,,,,,,,,,,,,,,,,,,
Gasolbrännare för Stormkök,Gasolbrännare för stormkök 6,,,,,,,,,,,,,,,,,,,,
Gasolbrännare för Stormkök,Gasolbrännare för stormkök 7,,,,,,,,,,,,,,,,,,,,
Gasolbrännare för Stormkök,Gasolbrännare för stormkök 8,,,,,,,,,,,,,,,,,,,,
Gasolbrännare för Stormkök,Gasolbrännare för stormkök 9,,,,,,,,,,,,,,,,,,,,
Gasolbrännare för Stormkök,Gasolbrännare för stormkök 10,,,,,,,,,,,,,,,,,,,,
Gasolbrännare för Stormkök,Gasolbrännare för stormkök 11,,,,,,,,,,,,,,,,,,,,
Gasolbrännare för Stormkök,Gasolbrännare för stormkök 12,,,,,,,,,,,,,,,,,,,,
Gasolbrännare för Stormkök,Gasolbrännare för stormkök 13,,,,,,,,,,,,,,,,,,,,
Gasolbrännare för Stormkök,Gasolbrännare för stormkök 14,,,,,,,,,,,,,,,,,,,,
Gasolbrännare för Stormkök,Gasolbrännare för stormkök 15,,,,,,,,,,,,,,,,,,,,
Gasolbrännare för Stormkök,Gasolbrännare för stormkök 16,,,,,,,,,,,,,,,,,,,,
Gasolbrännare för Stormkök,Gasolbrännare för stormkök 17,,,,,,,,,,,,,,,,,,,,
Gasolbrännare för Stormkök,Gasolbrännare för stormkök 18,,,,,,,,,,,,,,,,,,,,
Gasolbrännare för Stormkök,Gasolbrännare för stormkök 19,,,,,,,,,,,,,,,,,,,,
Gasolbrännare för Stormkök,Gasolbrännare för stormkök 20,,,,,,,,,,,,,,,,,,,,
Gasolbrännare för Stormkök,Gasolbrännare för stormkök 21,,,,,,,,,,,,,,,,,,,,
Gasolbrännare för Stormkök,Gasolbrännare för stormkök 22,,,,,,,,,,,,,,,,,,,,
Gasolbrännare för Stormkök,Gasolbrännare för stormkök 23,,,,,,,,,,,,,,,,,,,,
Gasolbrännare för Stormkök,Gasolbrännare för stormkök 24,,,,,,,,,,,,,,,,,,,,
Gasolbrännare för Stormkök,Gasolbrännare för stormkök 25,,,,,,,,,,,,,,,,,,,,
Gasolbrännare för Stormkök,Gasolbrännare för stormkök 26,,,,,,,,,,,,,,,,,,,,
Gasolbrännare för Stormkök,Gasolbrännare för stormkök 27,,,,,,,,,,,,,,,,,,,,
Gasolbrännare för Stormkök,Gasolbrännare för stormkök 28,,,,,,,,,,,,,,,,,,,,
Gasolbrännare för Stormkök,Gasolbrännare för stormkök 29,,,,,,,,,,,,,,,,,,,,
Gasolbrännare för Stormkök,Gasolbrännare för stormkök 30,,,,,,,,,,,,,,,,,,,,
Gasolbrännare för Stormkök,Gasolbrännare för stormkök 31,,,,,,,,,,,,,,,,,,,,
Gasolbrännare för Stormkök,Gasolbrännare för stormkök 32,,,,,,,,,,,,,,,,,,,,
Gasolbrännare för Stormkök,Gasolbrännare för stormkök 33,,,,,,,,,,,,,,,,,,,,
Gasolbrännare för Stormkök,Gasolbrännare för stormkök 34,,,,,,,,,,,,,,,,,,,,
Gasolflaskor (PC10) ,Gasolflaskor (PC10)  1,,Karsvik,Kallforradet,,,Elda,Bränsle,,kv,,8/24/2023,,,,,,,,,
Gasolflaskor (PC10) ,Gasolflaskor (PC10)  2,,Karsvik,Kallforradet,,,Elda,Bränsle,,kv,,8/24/2023,,,,,,,,,
Gasolflaskor (PC10) ,Gasolflaskor (PC10)  3,,Karsvik,Kallforradet,,,Elda,Bränsle,,kv,,8/24/2023,,,,,,,,,
Gasolflaskor (PC10) ,Gasolflaskor (PC10)  4,,Karsvik,Kallforradet,,,Elda,Bränsle,,kv,,8/24/2023,,,,,,,,,
Gasolflaskor (PC10) ,Gasolflaskor (PC10)  5,,Karsvik,Kallforradet,,,Elda,Bränsle,,kv,,8/24/2023,,,,,,,,,
Gasolkit,Gasolkitt med 2 stora brännare,,Hajkförrådet,,,,Mat,,,,,,,,,,,,,,
Gitarr,Gitarr,,Karsvik,Ostergarden,Rum,,Program,,,kv,,8/24/2023,,,,,,,,,
Gjutjärnskit (Dutch Oven),Gjutjärnskit (Dutch Oven),,Hajkförrådet,,,,Mat,,,,,,,,,,,,,,
Glödpennor,Glödpennor utan ställ 1,,Karsvik,Ostergarden,Mötesförrådet,Brannpennor,Verktyg,,,kv,,8/24/2023,,,,,,,,,
Glödpennor,Glödpennor utan ställ 2,,Karsvik,Ostergarden,Mötesförrådet,Brannpennor,Verktyg,,,kv,,8/24/2023,,,,,,,,,
Glödpennor,Glödpennor utan ställ 3,,Karsvik,Ostergarden,Mötesförrådet,Brannpennor,Verktyg,,,kv,,8/24/2023,,,,,,,,,
Glödpennor,Glödpennor utan ställ 4,,Karsvik,Ostergarden,Mötesförrådet,Brannpennor,Verktyg,,,kv,,8/24/2023,,,,,,,,,
Glödpennor,Glödpennor utan ställ 5,,Karsvik,Ostergarden,Mötesförrådet,Brannpennor,Verktyg,,,kv,,8/24/2023,,,,,,,,,
Glödpennor med ställ,Glödpennor med ställ 1,,Karsvik,Ostergarden,Mötesförrådet,Brannpennor,Verktyg,,,kv,,8/24/2023,,,,,,,,,
Glödpennor med ställ,Glödpennor med ställ 2,,Karsvik,Ostergarden,Mötesförrådet,Brannpennor,Verktyg,,,kv,,8/24/2023,,,,,,,,,
Glödpennor med ställ,Glödpennor med ställ 3,,Karsvik,Ostergarden,Mötesförrådet,Brannpennor,Verktyg,,,kv,,8/24/2023,,,,,,,,,
Glödpennor med ställ,Glödpennor med ställ 4,,Karsvik,Ostergarden,Mötesförrådet,Brannpennor,Verktyg,,,kv,,8/24/2023,,,,,,,,,
Glödpennor med ställ,Glödpennor med ställ 5,,Karsvik,Ostergarden,Mötesförrådet,Brannpennor,Verktyg,,,kv,,8/24/2023,,,,,,,,,
Glödpennor med ställ,Glödpennor med ställ 6,,Karsvik,Ostergarden,Mötesförrådet,Brannpennor,Verktyg,,,kv,,8/24/2023,,,,,,,,,
Glödpennor med ställ,Glödpennor med ställ 7,,Karsvik,Ostergarden,Mötesförrådet,Brannpennor,Verktyg,,,kv,,8/24/2023,,,,,,,,,
Grillgaller,Grillgaller,,Karsvik,Kallforradet,,,Elda,,,kv,,8/24/2023,,,,,,,,,
Gruppskidor,Gruppskidor,,Karsvik,Kallforradet,,,Program,,,kv,,8/24/2023,,,,,,,,,
Gryta med hänkel 3L,Gryta med hänkel 3L 1,,Hajkförrådet,,,,Mat,,,,,,,,,,,,,,
Gryta med hänkel 3L,Gryta med hänkel 3L 2,,Hajkförrådet,,,,Mat,,,,,,,,,,,,,,
Gryta med hänkel 3L,Gryta med hänkel 3L 3,,Hajkförrådet,,,,Mat,,,,,,,,,,,,,,
Gryta med hänkel 3L,Gryta med hänkel 3L 4,,Hajkförrådet,,,,Mat,,,,,,,,,,,,,,
Gryta med hänkel 3L,Gryta med hänkel 3L 5,,Hajkförrådet,,,,Mat,,,,,,,,,,,,,,
Gryta med hänkel 4.5L,Gryta med hänkel 4.5L 1,,Hajkförrådet,,,,Mat,,,,,,,,,,,,,,
Gryta med hänkel 4.5L,Gryta med hänkel 4.5L 2,,Hajkförrådet,,,,Mat,,,,,,,,,,,,,,
Gryta med hänkel 4.5L,Gryta med hänkel 4.5L 3,,Hajkförrådet,,,,Mat,,,,,,,,,,,,,,
Gryta med hänkel 4.5L,Gryta med hänkel 4.5L 4,,Hajkförrådet,,,,Mat,,,,,,,,,,,,,,
Gryta med hänkel 4.5L,Gryta med hänkel 4.5L 5,,Hajkförrådet,,,,Mat,,,,,,,,,,,,,,
"Gryta med hänkel 8,5L ","Gryta med hänkel 8,5L ",,Hajkförrådet,,,,Mat,,,,,,,,,,,,,,
Gummiklubba,Gummiklubba 1,,Hajkförrådet,,,,Verktyg,,,,,,,,,,,,,,
Gummiklubba,Gummiklubba 2,,Hajkförrådet,,,,Verktyg,,,,,,,,,,,,,,
Gummiklubba,Gummiklubba 3,,Hajkförrådet,,,,Verktyg,,,,,,,,,,,,,,
Gummiklubba,Gummiklubba 4,,Hajkförrådet,,,,Verktyg,,,,,,,,,,,,,,
Gummiklubba,Gummiklubba 5,,Hajkförrådet,,,,Verktyg,,,,,,,,,,,,,,
Gummiklubba,Gummiklubba 6,,Hajkförrådet,,,,Verktyg,,,,,,,,,,,,,,
Gummiklubba,Gummiklubba 7,,Hajkförrådet,,,,Verktyg,,,,,,,,,,,,,,
Hajkbricka,Hajkbricka 1,,Hajkförrådet,,,,Övrigt,,,,,,,,,,,,,,
Hajkbricka,Hajkbricka 2,,Hajkförrådet,,,,Övrigt,,,,,,,,,,,,,,
Hajkbricka,Hajkbricka 3,,Hajkförrådet,,,,Övrigt,,,,,,,,,,,,,,
Hajkbricka,Hajkbricka 4,,Hajkförrådet,,,,Övrigt,,,,,,,,,,,,,,
Hajkbricka,Hajkbricka 5,,Hajkförrådet,,,,Övrigt,,,,,,,,,,,,,,
Hajkbricka,Hajkbricka 6,,Hajkförrådet,,,,Övrigt,,,,,,,,,,,,,,
Hajkbricka,Hajkbricka 7,,Hajkförrådet,,,,Övrigt,,,,,,,,,,,,,,
Hajkbricka,Hajkbricka 8,,Hajkförrådet,,,,Övrigt,,,,,,,,,,,,,,
Hajkbricka,Hajkbricka 9,,Hajkförrådet,,,,Övrigt,,,,,,,,,,,,,,
Hajkbricka,Hajkbricka 10,,Hajkförrådet,,,,Övrigt,,,,,,,,,,,,,,
Hajkbricka,Hajkbricka 11,,Hajkförrådet,,,,Övrigt,,,,,,,,,,,,,,
Hajkbricka,Hajkbricka 12,,Hajkförrådet,,,,Övrigt,,,,,,,,,,,,,,
Hajkbricka,Hajkbricka 13,,Hajkförrådet,,,,Övrigt,,,,,,,,,,,,,,
Hajkbricka,Hajkbricka 14,,Hajkförrådet,,,,Övrigt,,,,,,,,,,,,,,
Hajkbricka,Hajkbricka 15,,Hajkförrådet,,,,Övrigt,,,,,,,,,,,,,,
Hajkbricka,Hajkbricka 16,,Hajkförrådet,,,,Övrigt,,,,,,,,,,,,,,
Hajkbricka,Hajkbricka 17,,Hajkförrådet,,,,Övrigt,,,,,,,,,,,,,,
Hajksåg,Hajksåg 1,,Hajkförrådet,,,,Verktyg,Sågar,,,,,,,,,,,,,
Hajksåg,Hajksåg 2,,Hajkförrådet,,,,Verktyg,Sågar,,,,,,,,,,,,,
Hajksåg,Hajksåg 3,,Hajkförrådet,,,,Verktyg,Sågar,,,,,,,,,,,,,
Hajksåg,Hajksåg 4,,Hajkförrådet,,,,Verktyg,Sågar,,,,,,,,,,,,,
Hammare stor,Hammare stor,,Karsvik,Ostergarden,Mötesförrådet,Laderslojd,Verktyg,,,kv,,8/24/2023,,,,,,,,,
Kärra hopfällbar,Kärra hopfällbar,,Hajkförrådet,,,,transport,Kärra,,,,,,,,,,,,,
Harry Potterkit,Harry Potterkit,,Hajkförrådet,,,,Program,,,,,,,,,,,,,,
Hink Svart (rulle),Hink svart (rulle) 1,,Hajkförrådet,,,,övrigt,,,,,,,,,,,,,,
Hink Svart (rulle),Hink svart (rulle) 2,,Hajkförrådet,,,,övrigt,,,,,,,,,,,,,,
Hink Svart (rulle),Hink svart (rulle) 3,,Hajkförrådet,,,,övrigt,,,,,,,,,,,,,,
Hink Svart (rulle),Hink svart (rulle) 4,,Hajkförrådet,,,,övrigt,,,,,,,,,,,,,,
Hink Svart (rulle),Hink svart (rulle) 5,,Hajkförrådet,,,,övrigt,,,,,,,,,,,,,,
Hink Svart (rulle),Hink svart (rulle) 6,,Hajkförrådet,,,,övrigt,,,,,,,,,,,,,,
Hink Svart (rulle),Hink svart (rulle) 7,,Hajkförrådet,,,,övrigt,,,,,,,,,,,,,,
Hink Svart (rulle),Hink svart (rulle) 8,,Hajkförrådet,,,,övrigt,,,,,,,,,,,,,,
Hink Svart (rulle),Hink svart (rulle) 9,,Hajkförrådet,,,,övrigt,,,,,,,,,,,,,,
Hink Svart (rulle),Hink svart (rulle) 10,,Hajkförrådet,,,,övrigt,,,,,,,,,,,,,,
Hink Svart (rulle),Hink svart (rulle) 11,,Hajkförrådet,,,,övrigt,,,,,,,,,,,,,,
Hink Svart (rulle),Hink svart (rulle) 12,,Hajkförrådet,,,,övrigt,,,,,,,,,,,,,,
Hink Svart (rulle),Hink svart (rulle) 13,,Hajkförrådet,,,,övrigt,,,,,,,,,,,,,,
Hink Svart (rulle),Hink svart (rulle) 14,,Hajkförrådet,,,,övrigt,,,,,,,,,,,,,,
Hink Svart (rulle),Hink svart (rulle) 15,,Hajkförrådet,,,,övrigt,,,,,,,,,,,,,,
Hjälmar,Hjälmar 1,,Hajkförrådet,,,,Klättra,,,,,,,,,,,,,,
Hjälmar,Hjälmar 2,,Hajkförrådet,,,,Klättra,,,,,,,,,,,,,,
Hjälmar,Hjälmar 3,,Hajkförrådet,,,,Klättra,,,,,,,,,,,,,,
Hjälmar,Hjälmar 4,,Hajkförrådet,,,,Klättra,,,,,,,,,,,,,,
HLR-kitt (i kammaren),HLR-kitt (i kammaren),,Hajkförrådet,,,,Program,,,,,,,,,,,,,,
Huggkubbe,Huggkubbe 1,,Karsvik,Kallforradet,,,Elda,,,kv,,8/24/2023,,,,,,,,,
Huggkubbe,Huggkubbe 2,,Karsvik,Kallforradet,,,Elda,,,kv,,8/24/2023,,,,,,,,,
Huggkubbe,Huggkubbe 3,,Karsvik,Kallforradet,,,Elda,,,kv,,8/24/2023,,,,,,,,,
Huggkubbe,Huggkubbe 4,,Karsvik,Kallforradet,,,Elda,,,kv,,8/24/2023,,,,,,,,,
Huggkubbe,Huggkubbe 5,,Karsvik,Kallforradet,,,Elda,,,kv,,8/24/2023,,,,,,,,,
Hålpipsats,Hålpipsats,,Karsvik,Ostergarden,Mötesförrådet,Laderslojd,Verktyg,,,kv,,8/24/2023,,,,,,,,,
Håltång,Håltång 1,,Karsvik,Ostergarden,Mötesförrådet,Laderslojd,Verktyg,,,kv,,8/24/2023,,,,,,,,,
Håltång,Håltång 2,,Karsvik,Ostergarden,Mötesförrådet,Laderslojd,Verktyg,,,kv,,8/24/2023,,,,,,,,,
Håltång,Håltång 3,,Karsvik,Ostergarden,Mötesförrådet,Laderslojd,Verktyg,,,kv,,8/24/2023,,,,,,,,,
Håltång,Håltång 4,,Karsvik,Ostergarden,Mötesförrådet,Laderslojd,Verktyg,,,kv,,8/24/2023,,,,,,,,,
Håltång,Håltång 5,,Karsvik,Ostergarden,Mötesförrådet,Laderslojd,Verktyg,,,kv,,8/24/2023,,,,,,,,,
Håltång,Håltång 6,,Karsvik,Ostergarden,Mötesförrådet,Laderslojd,Verktyg,,,kv,,8/24/2023,,,,,,,,,
Håltång,Håltång 7,,Karsvik,Ostergarden,Mötesförrådet,Laderslojd,Verktyg,,,kv,,8/24/2023,,,,,,,,,
Håltång,Håltång 8,,Karsvik,Ostergarden,Mötesförrådet,Laderslojd,Verktyg,,,kv,,8/24/2023,,,,,,,,,
Isborr,Isborr,,Hajkförrådet,,,,Verktyg,,,,,,,,,,,,,,
Isdubbar,Isdubbar 1,,Karsvik,Ostergarden,Mötesförrådet,,Program,,,kv,,8/24/2023,,,,,,,,,
Isdubbar,Isdubbar 2,,Karsvik,Ostergarden,Mötesförrådet,,Program,,,kv,,8/24/2023,,,,,,,,,
Isdubbar,Isdubbar 3,,Karsvik,Ostergarden,Mötesförrådet,,Program,,,kv,,8/24/2023,,,,,,,,,
Isdubbar,Isdubbar 4,,Karsvik,Ostergarden,Mötesförrådet,,Program,,,kv,,8/24/2023,,,,,,,,,
Isdubbar,Isdubbar 5,,Karsvik,Ostergarden,Mötesförrådet,,Program,,,kv,,8/24/2023,,,,,,,,,
Isdubbar,Isdubbar 6,,Karsvik,Ostergarden,Mötesförrådet,,Program,,,kv,,8/24/2023,,,,,,,,,
Isdubbar,Isdubbar 7,,Karsvik,Ostergarden,Mötesförrådet,,Program,,,kv,,8/24/2023,,,,,,,,,
Isdubbar,Isdubbar 8,,Karsvik,Ostergarden,Mötesförrådet,,Program,,,kv,,8/24/2023,,,,,,,,,
Isdubbar,Isdubbar 9,,Karsvik,Ostergarden,Mötesförrådet,,Program,,,kv,,8/24/2023,,,,,,,,,
Isdubbar,Isdubbar 10,,Karsvik,Ostergarden,Mötesförrådet,,Program,,,kv,,8/24/2023,,,,,,,,,
Isdubbar,Isdubbar 11,,Karsvik,Ostergarden,Mötesförrådet,,Program,,,kv,,8/24/2023,,,,,,,,,
Isdubbar,Isdubbar 12,,Karsvik,Ostergarden,Mötesförrådet,,Program,,,kv,,8/24/2023,,,,,,,,,
Isdubbar,Isdubbar 13,,Karsvik,Ostergarden,Mötesförrådet,,Program,,,kv,,8/24/2023,,,,,,,,,
Isdubbar,Isdubbar 14,,Karsvik,Ostergarden,Mötesförrådet,,Program,,,kv,,8/24/2023,,,,,,,,,
Isdubbar,Isdubbar 15,,Karsvik,Ostergarden,Mötesförrådet,,Program,,,kv,,8/24/2023,,,,,,,,,
Isdubbar,Isdubbar 16,,Karsvik,Ostergarden,Mötesförrådet,,Program,,,kv,,8/24/2023,,,,,,,,,
Isdubbar,Isdubbar 17,,Karsvik,Ostergarden,Mötesförrådet,,Program,,,kv,,8/24/2023,,,,,,,,,
Isdubbar,Isdubbar 18,,Karsvik,Ostergarden,Mötesförrådet,,Program,,,kv,,8/24/2023,,,,,,,,,
Isdubbar,Isdubbar 19,,Karsvik,Ostergarden,Mötesförrådet,,Program,,,kv,,8/24/2023,,,,,,,,,
Isdubbar,Isdubbar 20,,Karsvik,Ostergarden,Mötesförrådet,,Program,,,kv,,8/24/2023,,,,,,,,,
Isdubbar,Isdubbar 21,,Karsvik,Ostergarden,Mötesförrådet,,Program,,,kv,,8/24/2023,,,,,,,,,
Isdubbar,Isdubbar 22,,Karsvik,Ostergarden,Mötesförrådet,,Program,,,kv,,8/24/2023,,,,,,,,,
Isdubbar,Isdubbar 23,,Karsvik,Ostergarden,Mötesförrådet,,Program,,,kv,,8/24/2023,,,,,,,,,
Isdubbar,Isdubbar 24,,Karsvik,Ostergarden,Mötesförrådet,,Program,,,kv,,8/24/2023,,,,,,,,,
Isdubbar,Isdubbar 25,,Karsvik,Ostergarden,Mötesförrådet,,Program,,,kv,,8/24/2023,,,,,,,,,
Isdubbar,Isdubbar 26,,Karsvik,Ostergarden,Mötesförrådet,,Program,,,kv,,8/24/2023,,,,,,,,,
Isdubbar,Isdubbar 27,,Karsvik,Ostergarden,Mötesförrådet,,Program,,,kv,,8/24/2023,,,,,,,,,
Isdubbar,Isdubbar 28,,Karsvik,Ostergarden,Mötesförrådet,,Program,,,kv,,8/24/2023,,,,,,,,,
Isdubbar,Isdubbar 29,,Karsvik,Ostergarden,Mötesförrådet,,Program,,,kv,,8/24/2023,,,,,,,,,
Isdubbar,Isdubbar 30,,Karsvik,Ostergarden,Mötesförrådet,,Program,,,kv,,8/24/2023,,,,,,,,,
Isdubbar,Isdubbar 31,,Karsvik,Ostergarden,Mötesförrådet,,Program,,,kv,,8/24/2023,,,,,,,,,
Isdubbar,Isdubbar 32,,Karsvik,Ostergarden,Mötesförrådet,,Program,,,kv,,8/24/2023,,,,,,,,,
Isolerkärl rund,Isolerkärl rund,,Hajkförrådet,,,,Mat,,,,,,,,,,,,,,
Ispik,Ispik,,Karsvik,Kallforradet,,,Program,,,kv,,8/24/2023,,,,,,,,,
JBL Partybox Ljudanläggning,JBL Partybox Ljudanläggning ,,Hajkförrådet,,,,elektronik,Musik,,,,,,,,,,,,,
Jerico västar Blå,Jerico västar Blå 1,,Karsvik,Kallforradet,,,Program,,,kv,,8/24/2023,,,,,,,,,
Jerico västar Blå,Jerico västar Blå 2,,Karsvik,Kallforradet,,,Program,,,kv,,8/24/2023,,,,,,,,,
Jerico västar Blå,Jerico västar Blå 3,,Karsvik,Kallforradet,,,Program,,,kv,,8/24/2023,,,,,,,,,
Jerico västar Blå,Jerico västar Blå 4,,Karsvik,Kallforradet,,,Program,,,kv,,8/24/2023,,,,,,,,,
Jerico västar Blå,Jerico västar Blå 5,,Karsvik,Kallforradet,,,Program,,,kv,,8/24/2023,,,,,,,,,
Jerico västar Blå,Jerico västar Blå 6,,Karsvik,Kallforradet,,,Program,,,kv,,8/24/2023,,,,,,,,,
Jerico västar Blå,Jerico västar Blå 7,,Karsvik,Kallforradet,,,Program,,,kv,,8/24/2023,,,,,,,,,
Jerico västar Blå,Jerico västar Blå 8,,Karsvik,Kallforradet,,,Program,,,kv,,8/24/2023,,,,,,,,,
Jerico västar Blå,Jerico västar Blå 9,,Karsvik,Kallforradet,,,Program,,,kv,,8/24/2023,,,,,,,,,
Jerico västar Blå,Jerico västar Blå 10,,Karsvik,Kallforradet,,,Program,,,kv,,8/24/2023,,,,,,,,,
Jerico västar Gul,Jerico västar Gul 1,,Karsvik,Kallforradet,,,Program,,,kv,,8/24/2023,,,,,,,,,
Jerico västar Gul,Jerico västar Gul 2,,Karsvik,Kallforradet,,,Program,,,kv,,8/24/2023,,,,,,,,,
Jerico västar Gul,Jerico västar Gul 3,,Karsvik,Kallforradet,,,Program,,,kv,,8/24/2023,,,,,,,,,
Jerico västar Gul,Jerico västar Gul 4,,Karsvik,Kallforradet,,,Program,,,kv,,8/24/2023,,,,,,,,,
Jerico västar Gul,Jerico västar Gul 5,,Karsvik,Kallforradet,,,Program,,,kv,,8/24/2023,,,,,,,,,
Jerico västar Gul,Jerico västar Gul 6,,Karsvik,Kallforradet,,,Program,,,kv,,8/24/2023,,,,,,,,,
Jerico västar Gul,Jerico västar Gul 7,,Karsvik,Kallforradet,,,Program,,,kv,,8/24/2023,,,,,,,,,
Jerico västar Gul,Jerico västar Gul 8,,Karsvik,Kallforradet,,,Program,,,kv,,8/24/2023,,,,,,,,,
Jerico västar Gul,Jerico västar Gul 9,,Karsvik,Kallforradet,,,Program,,,kv,,8/24/2023,,,,,,,,,
Jerico västar Gul,Jerico västar Gul 10,,Karsvik,Kallforradet,,,Program,,,kv,,8/24/2023,,,,,,,,,
Jägarpanna,Jägarpanna 5,,Karsvik,Kallforradet,,,Mat,,,kv,,8/24/2023,,,,,,,,,
Jägarpanna,Jägarpanna 6,,Karsvik,Kallforradet,,,Mat,,,kv,,8/24/2023,,,,,,,,,
Jägarpanna,Jägarpanna 7,,Karsvik,Kallforradet,,,Mat,,,kv,,8/24/2023,,,,,,,,,
Jägarpanna,Jägarpanna 8,,Karsvik,Kallforradet,,,Mat,,,kv,,8/24/2023,,,,,,,,,
Jägarpanna,Jägarpanna 1,,Hajkförrådet,,,,Mat,,,,,,,,,,,,,,
Jägarpanna,Jägarpanna 2,,Hajkförrådet,,,,Mat,,,,,,,,,,,,,,
Jägarpanna,Jägarpanna 3,,Hajkförrådet,,,,Mat,,,,,,,,,,,,,,
Jägarpanna,Jägarpanna 4,,Hajkförrådet,,,,Mat,,,,,,,,,,,,,,
Järnklump,Järnklump,,Karsvik,Ostergarden,Mötesförrådet,Laderslojd,Verktyg,,,kv,,8/24/2023,,,,,,,,,
Jättepussel,Jättepussel,,Hajkförrådet,,,,Program,,,,,,,,,,,,,,
Kaffekittel,Kaffekittel,,Hajkförrådet,,,,Mat,,,,,,,,,,,,,,
Kaffetermos,Kaffetermos 1,,Hajkförrådet,,,,Mat,,,,,,,,,,,,,,
Kaffetermos,Kaffetermos 2,,Hajkförrådet,,,,Mat,,,,,,,,,,,,,,
Kaffetermos,Kaffetermos 3,,Hajkförrådet,,,,Mat,,,,,,,,,,,,,,
Kardningskitt (i kammaren),Kardningskitt (i kammaren),,Hajkförrådet,,,,Program,,,,,,,,,,,,,,
Klyvyxa,Klyvyxa,,Karsvik,Ostergarden,Mötesförrådet,Yxa,Verktyg,Yxa,,kv,,8/24/2023,,,,,,,,,
Klyvyxa,Klyvyxa 1,,Hajkförrådet,,,,Verktyg,Yxa,,,,,,,,,,,,,
Klyvyxa,Klyvyxa 2,,Hajkförrådet,,,,Verktyg,Yxa,,,,,,,,,,,,,
Klyvyxa,Klyvyxa 3,,Hajkförrådet,,,,Verktyg,Yxa,,,,,,,,,,,,,
Klyvyxa,Klyvyxa 4,,Hajkförrådet,,,,Verktyg,Yxa,,,,,,,,,,,,,
Klättringsutrustningskitt,Klättringsutrustningskitt,,Hajkförrådet,,,,Program,,,,,,,,,,,,,,
Kniv,Kniv 1,,Hajkförrådet,,,,Verktyg,Kniv,,,,,,,,,,,,,
Kniv,Kniv 2,,Hajkförrådet,,,,Verktyg,Kniv,,,,,,,,,,,,,
Kniv,Kniv 3,,Hajkförrådet,,,,Verktyg,Kniv,,,,,,,,,,,,,
Kniv,Kniv 4,,Hajkförrådet,,,,Verktyg,Kniv,,,,,,,,,,,,,
Kniv,Kniv 5,,Hajkförrådet,,,,Verktyg,Kniv,,,,,,,,,,,,,
Kniv,Kniv 6,,Hajkförrådet,,,,Verktyg,Kniv,,,,,,,,,,,,,
Kniv,Kniv 7,,Hajkförrådet,,,,Verktyg,Kniv,,,,,,,,,,,,,
Kniv,Kniv 8,,Hajkförrådet,,,,Verktyg,Kniv,,,,,,,,,,,,,
Kniv,Kniv 9,,Hajkförrådet,,,,Verktyg,Kniv,,,,,,,,,,,,,
Kniv,Kniv 10,,Hajkförrådet,,,,Verktyg,Kniv,,,,,,,,,,,,,
Kniv läderslida,Kniv läderslida 1,,Karsvik,Ostergarden,Mötesförrådet,Knivar,Verktyg,Kniv,,kv,,8/24/2023,,,,,,,,,
Kniv läderslida,Kniv läderslida 2,,Karsvik,Ostergarden,Mötesförrådet,Knivar,Verktyg,Kniv,,kv,,8/24/2023,,,,,,,,,
Kniv läderslida,Kniv läderslida 3,,Karsvik,Ostergarden,Mötesförrådet,Knivar,Verktyg,Kniv,,kv,,8/24/2023,,,,,,,,,
Kniv läderslida,Kniv läderslida 4,,Karsvik,Ostergarden,Mötesförrådet,Knivar,Verktyg,Kniv,,kv,,8/24/2023,,,,,,,,,
Kniv läderslida,Kniv läderslida 5,,Karsvik,Ostergarden,Mötesförrådet,Knivar,Verktyg,Kniv,,kv,,8/24/2023,,,,,,,,,
Kniv läderslida,Kniv läderslida 6,,Karsvik,Ostergarden,Mötesförrådet,Knivar,Verktyg,Kniv,,kv,,8/24/2023,,,,,,,,,
Kniv läderslida,Kniv läderslida 7,,Karsvik,Ostergarden,Mötesförrådet,Knivar,Verktyg,Kniv,,kv,,8/24/2023,,,,,,,,,
Kniv Plastslida,Kniv plastslida 1,,Karsvik,Ostergarden,Mötesförrådet,Knivar,Verktyg,Kniv,,kv,,8/24/2023,,,,,,,,,
Kniv Plastslida,Kniv plastslida 2,,Karsvik,Ostergarden,Mötesförrådet,Knivar,Verktyg,Kniv,,kv,,8/24/2023,,,,,,,,,
Kniv Plastslida,Kniv plastslida 3,,Karsvik,Ostergarden,Mötesförrådet,Knivar,Verktyg,Kniv,,kv,,8/24/2023,,,,,,,,,
Kniv Plastslida,Kniv plastslida 4,,Karsvik,Ostergarden,Mötesförrådet,Knivar,Verktyg,Kniv,,kv,,8/24/2023,,,,,,,,,
Kniv Plastslida,Kniv plastslida 5,,Karsvik,Ostergarden,Mötesförrådet,Knivar,Verktyg,Kniv,,kv,,8/24/2023,,,,,,,,,
Kniv Plastslida,Kniv plastslida 6,,Karsvik,Ostergarden,Mötesförrådet,Knivar,Verktyg,Kniv,,kv,,8/24/2023,,,,,,,,,
Kniv Plastslida,Kniv plastslida 7,,Karsvik,Ostergarden,Mötesförrådet,Knivar,Verktyg,Kniv,,kv,,8/24/2023,,,,,,,,,
Kniv Plastslida,Kniv plastslida 8,,Karsvik,Ostergarden,Mötesförrådet,Knivar,Verktyg,Kniv,,kv,,8/24/2023,,,,,,,,,
Kniv Plastslida,Kniv plastslida 9,,Karsvik,Ostergarden,Mötesförrådet,Knivar,Verktyg,Kniv,,kv,,8/24/2023,,,,,,,,,
Kniv Plastslida,Kniv plastslida 10,,Karsvik,Ostergarden,Mötesförrådet,Knivar,Verktyg,Kniv,,kv,,8/24/2023,,,,,,,,,
Kniv Plastslida,Kniv plastslida 11,,Karsvik,Ostergarden,Mötesförrådet,Knivar,Verktyg,Kniv,,kv,,8/24/2023,,,,,,,,,
Kniv Plastslida,Kniv plastslida 12,,Karsvik,Ostergarden,Mötesförrådet,Knivar,Verktyg,Kniv,,kv,,8/24/2023,,,,,,,,,
Kniv Plastslida,Kniv plastslida 13,,Karsvik,Ostergarden,Mötesförrådet,Knivar,Verktyg,Kniv,,kv,,8/24/2023,,,,,,,,,
Kofot,Kofot 1,,Hajkförrådet,,,,Verktyg,,,,,,,,,,,,,,
Kofot,Kofot 2,,Hajkförrådet,,,,Verktyg,,,,,,,,,,,,,,
Kofot,Kofot 3,,Hajkförrådet,,,,Verktyg,,,,,,,,,,,,,,
Kompasser (360°),Kompasser (360°) 1,,Karsvik,Ostergarden,Mötesförrådet,,Program,,,kv,,8/24/2023,,,,,,,,,
Kompasser (360°),Kompasser (360°) 2,,Karsvik,Ostergarden,Mötesförrådet,,Program,,,kv,,8/24/2023,,,,,,,,,
Kompasser (360°),Kompasser (360°) 3,,Karsvik,Ostergarden,Mötesförrådet,,Program,,,kv,,8/24/2023,,,,,,,,,
Kompasser (360°),Kompasser (360°) 4,,Karsvik,Ostergarden,Mötesförrådet,,Program,,,kv,,8/24/2023,,,,,,,,,
Kompasser (360°),Kompasser (360°) 5,,Karsvik,Ostergarden,Mötesförrådet,,Program,,,kv,,8/24/2023,,,,,,,,,
Kompasser (360°),Kompasser (360°) 6,,Karsvik,Ostergarden,Mötesförrådet,,Program,,,kv,,8/24/2023,,,,,,,,,
Kompasser (360°),Kompasser (360°) 7,,Karsvik,Ostergarden,Mötesförrådet,,Program,,,kv,,8/24/2023,,,,,,,,,
Kompasser (360°),Kompasser (360°) 8,,Karsvik,Ostergarden,Mötesförrådet,,Program,,,kv,,8/24/2023,,,,,,,,,
Kompasser (360°),Kompasser (360°) 9,,Karsvik,Ostergarden,Mötesförrådet,,Program,,,kv,,8/24/2023,,,,,,,,,
Koner,Koner Oranga ,,Karsvik,Kallforradet,,,Program,,,kv,,8/24/2023,,,,,,,,,
Konferens högtalare,Konferens högtalare,,Karsvik,Ostergarden,Rum,,Elektronik,PA,,kv,,8/24/2023,,,,,,,,,
Kratta stål,Kratta stål,,Karsvik,Kallforradet,,,Verktyg,,,kv,,8/24/2023,,,,,,,,,
Kylväska med klampar,Kylväska med klampar,,Hajkförrådet,,,,Mat,,,,,,,,,,,,,,
Kärra hopfällbar,Kärra hopfällbar 2,,Karsvik,Kallforradet,,,Transport,,,kv,,8/24/2023,,,,,,,,,
Kärra hopfällbar,Kärra hopfällbar 3,,Karsvik,Kallforradet,,,Transport,,,kv,,45162,,,,,,,,,
Kätting för eldstad,Kätting för eldstad 1,,Hajkförrådet,,,,Elda,,,,,,,,,,,,,,
Kätting för eldstad,Kätting för eldstad 2,,Hajkförrådet,,,,Elda,,,,,,,,,,,,,,
Kätting för eldstad,Kätting för eldstad 3,,Hajkförrådet,,,,Elda,,,,,,,,,,,,,,
Kätting för eldstad,Kätting för eldstad 4,,Hajkförrådet,,,,Elda,,,,,,,,,,,,,,
Kökredskapskitt 4 delar,Kökredskapskitt 4 delar 1,,Hajkförrådet,,,,Mat,,,,,,,,,,,,,,
Kökredskapskitt 4 delar,Kökredskapskitt 4 delar 2,,Hajkförrådet,,,,Mat,,,,,,,,,,,,,,
Kökredskapskitt 4 delar,Kökredskapskitt 4 delar 3,,Hajkförrådet,,,,Mat,,,,,,,,,,,,,,
Kökredskapskitt 4 delar,Kökredskapskitt 4 delar 4,,Hajkförrådet,,,,Mat,,,,,,,,,,,,,,
Kökredskapskitt 4 delar,Kökredskapskitt 4 delar 5,,Hajkförrådet,,,,Mat,,,,,,,,,,,,,,
Kökredskapskitt 4 delar,Kökredskapskitt 4 delar 6,,Hajkförrådet,,,,Mat,,,,,,,,,,,,,,
Kökredskapskitt 4 delar,Kökredskapskitt 4 delar 7,,Hajkförrådet,,,,Mat,,,,,,,,,,,,,,
Kökredskapskitt 4 delar,Kökredskapskitt 4 delar 8,,Hajkförrådet,,,,Mat,,,,,,,,,,,,,,
Kökredskapskitt 4 delar,Kökredskapskitt 4 delar 9,,Hajkförrådet,,,,Mat,,,,,,,,,,,,,,
Kökredskapskitt 4 delar,Kökredskapskitt 4 delar 10,,Hajkförrådet,,,,Mat,,,,,,,,,,,,,,
Lamineringsmaskin A3,Lamineringsmaskin A3,,Karsvik,Ostergarden,Rum,,Elektronik,,,kv,,8/24/2023,,,,,,,,,
Lamineringsmaskin A4,Lamineringsmaskin A4,,Karsvik,Ostergarden,Rum,,Elektronik,,,kv,,8/24/2023,,,,,,,,,
Liggunderlag,Liggunderlag 21,,Karsvik,Ladan,Toan,,Program,,,kv,,8/24/2023,,,,,,,,,
Liggunderlag,Liggunderlag 22,,Karsvik,Ladan,Toan,,Program,,,kv,,8/24/2023,,,,,,,,,
Liggunderlag,Liggunderlag 23,,Karsvik,Ladan,Toan,,Program,,,kv,,8/24/2023,,,,,,,,,
Liggunderlag,Liggunderlag 24,,Karsvik,Ladan,Toan,,Program,,,kv,,8/24/2023,,,,,,,,,
Liggunderlag,Liggunderlag 25,,Karsvik,Ladan,Toan,,Program,,,kv,,8/24/2023,,,,,,,,,
Liggunderlag,Liggunderlag 26,,Karsvik,Ladan,Toan,,Program,,,kv,,8/24/2023,,,,,,,,,
Liggunderlag,Liggunderlag 27,,Karsvik,Ladan,Toan,,Program,,,kv,,8/24/2023,,,,,,,,,
Liggunderlag,Liggunderlag 28,,Karsvik,Ladan,Toan,,Program,,,kv,,8/24/2023,,,,,,,,,
Liggunderlag,Liggunderlag 29,,Karsvik,Ladan,Toan,,Program,,,kv,,8/24/2023,,,,,,,,,
Liggunderlag,Liggunderlag 30,,Karsvik,Ladan,Toan,,Program,,,kv,,8/24/2023,,,,,,,,,
Liggunderlag,Liggunderlag 31,,Karsvik,Ladan,Toan,,Program,,,kv,,8/24/2023,,,,,,,,,
Liggunderlag,Liggunderlag 32,,Karsvik,Ladan,Toan,,Program,,,kv,,8/24/2023,,,,,,,,,
Liggunderlag,Liggunderlag 33,,Karsvik,Ladan,Toan,,Program,,,kv,,8/24/2023,,,,,,,,,
Liggunderlag,Liggunderlag 34,,Karsvik,Ladan,Toan,,Program,,,kv,,8/24/2023,,,,,,,,,
Liggunderlag,Liggunderlag 35,,Karsvik,Ladan,Toan,,Program,,,kv,,8/24/2023,,,,,,,,,
Liggunderlag,Liggunderlag 36,,Karsvik,Ladan,Toan,,Program,,,kv,,8/24/2023,,,,,,,,,
Liggunderlag,Liggunderlag 37,,Karsvik,Ladan,Toan,,Program,,,kv,,8/24/2023,,,,,,,,,
Liggunderlag,Liggunderlag 38,,Karsvik,Ladan,Toan,,Program,,,kv,,8/24/2023,,,,,,,,,
Liggunderlag,Liggunderlag 39,,Karsvik,Ladan,Toan,,Program,,,kv,,8/24/2023,,,,,,,,,
Liggunderlag,Liggunderlag 40,,Karsvik,Ladan,Toan,,Program,,,kv,,8/24/2023,,,,,,,,,
Liggunderlag,Liggunderlag 1,,Hajkförrådet,,,,Sova,,,,,,,,,,,,,,
Liggunderlag,Liggunderlag 2,,Hajkförrådet,,,,Sova,,,,,,,,,,,,,,
Liggunderlag,Liggunderlag 3,,Hajkförrådet,,,,Sova,,,,,,,,,,,,,,
Liggunderlag,Liggunderlag 4,,Hajkförrådet,,,,Sova,,,,,,,,,,,,,,
Liggunderlag,Liggunderlag 5,,Hajkförrådet,,,,Sova,,,,,,,,,,,,,,
Liggunderlag,Liggunderlag 6,,Hajkförrådet,,,,Sova,,,,,,,,,,,,,,
Liggunderlag,Liggunderlag 7,,Hajkförrådet,,,,Sova,,,,,,,,,,,,,,
Liggunderlag,Liggunderlag 8,,Hajkförrådet,,,,Sova,,,,,,,,,,,,,,
Liggunderlag,Liggunderlag 9,,Hajkförrådet,,,,Sova,,,,,,,,,,,,,,
Liggunderlag,Liggunderlag 10,,Hajkförrådet,,,,Sova,,,,,,,,,,,,,,
Liggunderlag,Liggunderlag 11,,Hajkförrådet,,,,Sova,,,,,,,,,,,,,,
Liggunderlag,Liggunderlag 12,,Hajkförrådet,,,,Sova,,,,,,,,,,,,,,
Liggunderlag,Liggunderlag 13,,Hajkförrådet,,,,Sova,,,,,,,,,,,,,,
Liggunderlag,Liggunderlag 14,,Hajkförrådet,,,,Sova,,,,,,,,,,,,,,
Liggunderlag,Liggunderlag 15,,Hajkförrådet,,,,Sova,,,,,,,,,,,,,,
Liggunderlag,Liggunderlag 16,,Hajkförrådet,,,,Sova,,,,,,,,,,,,,,
Liggunderlag,Liggunderlag 17,,Hajkförrådet,,,,Sova,,,,,,,,,,,,,,
Liggunderlag,Liggunderlag 18,,Hajkförrådet,,,,Sova,,,,,,,,,,,,,,
Liggunderlag,Liggunderlag 19,,Hajkförrådet,,,,Sova,,,,,,,,,,,,,,
Liggunderlag,Liggunderlag 20,,Hajkförrådet,,,,Sova,,,,,,,,,,,,,,
Lim & Klister,Lim & Klister,,Karsvik,Ladan,Pysselhurts,,Förbrukningsvara,,,kv,,8/24/2023,,,,,,,,,
Linbana,Linbana 1,,Hajkförrådet,,,,Program,,,,,,,,,,,,,,
Linbana,Linbana 2,,Hajkförrådet,,,,Program,,,,,,,,,,,,,,
Livlina (Scout),Livlina (Scout) 5,,Karsvik,Ostergarden,Mötesförrådet,,Program,,,kv,,8/24/2023,,,,,,,,,
Livlina (Scout),Livlina (Scout) 6,,Karsvik,Ostergarden,Mötesförrådet,,Program,,,kv,,8/24/2023,,,,,,,,,
Livlina (Scout),Livlina (Scout) 7,,Karsvik,Ostergarden,Mötesförrådet,,Program,,,kv,,8/24/2023,,,,,,,,,
Livlina (Scout),Livlina (Scout) 8,,Karsvik,Ostergarden,Mötesförrådet,,Program,,,kv,,8/24/2023,,,,,,,,,
Livlina (Scout),Livlina (Scout) 1,,Hajkförrådet,,,,Säkerhet,,,,,,,,,,,,,,
Livlina (Scout),Livlina (Scout) 2,,Hajkförrådet,,,,Säkerhet,,,,,,,,,,,,,,
Livlina (Scout),Livlina (Scout) 3,,Hajkförrådet,,,,Säkerhet,,,,,,,,,,,,,,
Livlina (Scout),Livlina (Scout) 4,,Hajkförrådet,,,,Säkerhet,,,,,,,,,,,,,,
Ljusburkar hinkar,Ljusburkar hinkar 1,,Karsvik,Kallforradet,,,Elda,,,kv,,8/24/2023,,,,,,,,,
Ljusburkar hinkar,Ljusburkar hinkar 2,,Karsvik,Kallforradet,,,Elda,,,kv,,45162,,,,,,,,,
Lumalåda med 4 Lumor,Lumalåda med 4 Lumor 1,,Hajkförrådet,,,,ljus,,,,,,,,,,,,,,
Lumalåda med 4 Lumor,Lumalåda med 4 Lumor 2,,Hajkförrådet,,,,ljus,,,,,,,,,,,,,,
Lumalåda med 4 Lumor,Lumalåda med 4 Lumor 3,,Hajkförrådet,,,,ljus,,,,,,,,,,,,,,
Lumalåda med 4 Lumor,Lumalåda med 4 Lumor 4,,Hajkförrådet,,,,ljus,,,,,,,,,,,,,,
Lumalåda med 4 Lumor,Lumalåda med 4 Lumor 5,,Hajkförrådet,,,,ljus,,,,,,,,,,,,,,
Lumalåda med 4 Lumor,Lumalåda med 4 Lumor 6,,Hajkförrådet,,,,ljus,,,,,,,,,,,,,,
Lumalåda med 6 Lumor,Lumalåda med 6 Lumor 1,,Karsvik,Ostergarden,Mötesförrådet,,Ljus,,,kv,,8/24/2023,,,,,,,,,
Lumalåda med 6 Lumor,Lumalåda med 6 Lumor 2,,Karsvik,Ostergarden,Mötesförrådet,,Ljus,,,kv,,45162,,,,,,,,,
Lädersax,Lädersax 1,,Karsvik,Ostergarden,Mötesförrådet,Laderslojd,Verktyg,,,kv,,8/24/2023,,,,,,,,,
Lädersax,Lädersax 2,,Karsvik,Ostergarden,Mötesförrådet,Laderslojd,Verktyg,,,kv,,8/24/2023,,,,,,,,,
Lädersax,Lädersax 3,,Karsvik,Ostergarden,Mötesförrådet,Laderslojd,Verktyg,,,kv,,8/24/2023,,,,,,,,,
Lädersax,Lädersax 4,,Karsvik,Ostergarden,Mötesförrådet,Laderslojd,Verktyg,,,kv,,8/24/2023,,,,,,,,,
Lädersax,Lädersax 5,,Karsvik,Ostergarden,Mötesförrådet,Laderslojd,Verktyg,,,kv,,8/24/2023,,,,,,,,,
Lädersax,Lädersax 6,,Karsvik,Ostergarden,Mötesförrådet,Laderslojd,Verktyg,,,kv,,8/24/2023,,,,,,,,,
Lädersax,Lädersax 7,,Karsvik,Ostergarden,Mötesförrådet,Laderslojd,Verktyg,,,kv,,8/24/2023,,,,,,,,,
Lädersax,Lädersax 8,,Karsvik,Ostergarden,Mötesförrådet,Laderslojd,Verktyg,,,kv,,8/24/2023,,,,,,,,,
Lädersax,Lädersax 9,,Karsvik,Ostergarden,Mötesförrådet,Laderslojd,Verktyg,,,kv,,8/24/2023,,,,,,,,,
Lädersax,Lädersax 10,,Karsvik,Ostergarden,Mötesförrådet,Laderslojd,Verktyg,,,kv,,8/24/2023,,,,,,,,,
Lädersax,Lädersax 11,,Karsvik,Ostergarden,Mötesförrådet,Laderslojd,Verktyg,,,kv,,8/24/2023,,,,,,,,,
Lädersax,Lädersax 12,,Karsvik,Ostergarden,Mötesförrådet,Laderslojd,Verktyg,,,kv,,8/24/2023,,,,,,,,,
Lödkolv,Lödkolv,,Karsvik,Ostergarden,Mötesförrådet,Brannpennor,Verktyg,,,kv,,8/24/2023,,,,,,,,,
Matisoleringskärl grön,Matisoleringskärl grön 1,,Hajkförrådet,,,,Mat,,,,,,,,,,,,,,
Matisoleringskärl grön,Matisoleringskärl grön 2,,Hajkförrådet,,,,Mat,,,,,,,,,,,,,,
"Multi-lock, Trangiakök","Multi-lock, Trangiakök 1",,Hajkförrådet,,,,Mat,,,,,,,,,,,,,,
"Multi-lock, Trangiakök","Multi-lock, Trangiakök 2",,Hajkförrådet,,,,Mat,,,,,,,,,,,,,,
"Multi-lock, Trangiakök","Multi-lock, Trangiakök 3",,Hajkförrådet,,,,Mat,,,,,,,,,,,,,,
"Multi-lock, Trangiakök","Multi-lock, Trangiakök 4",,Hajkförrådet,,,,Mat,,,,,,,,,,,,,,
"Multi-lock, Trangiakök","Multi-lock, Trangiakök 5",,Hajkförrådet,,,,Mat,,,,,,,,,,,,,,
Murikapanna med ben Ø48cm,Murikapanna med ben Ø48cm,,Hajkförrådet,,,,Mat,,,,,,,,,,,,,,
Myggnät,Myggnät 1,,Hajkförrådet,,,,Sova,,,,,,,,,,,,,,
Myggnät,Myggnät 2,,Hajkförrådet,,,,Sova,,,,,,,,,,,,,,
Myggnät,Myggnät 3,,Hajkförrådet,,,,Sova,,,,,,,,,,,,,,
Myggnät,Myggnät 4,,Hajkförrådet,,,,Sova,,,,,,,,,,,,,,
Myggnät,Myggnät 5,,Hajkförrådet,,,,Sova,,,,,,,,,,,,,,
Myggnät,Myggnät 6,,Hajkförrådet,,,,Sova,,,,,,,,,,,,,,
Myggnät,Myggnät 7,,Hajkförrådet,,,,Sova,,,,,,,,,,,,,,
Myggnät,Myggnät 8,,Hajkförrådet,,,,Sova,,,,,,,,,,,,,,
Myggnät,Myggnät 9,,Hajkförrådet,,,,Sova,,,,,,,,,,,,,,
Myggnät,Myggnät 10,,Hajkförrådet,,,,Sova,,,,,,,,,,,,,,
NinjaLine kit,NinjaLine kit 1,,Hajkförrådet,,,,Program,,,,,,,,,,,,,,
NinjaLine kit,NinjaLine kit 2,,Hajkförrådet,,,,Program,,,,,,,,,,,,,,
Nitar,Nitar,,Karsvik,Ostergarden,Mötesförrådet,,Förbrukningsvara,,,kv,,8/24/2023,,,,,,,,,
Nittång,Nittång,,Karsvik,Ostergarden,Mötesförrådet,Laderslojd,Verktyg,,,kv,,8/24/2023,,,,,,,,,
Paellapanna stor,Paellapanna stor,,Hajkförrådet,,,,Mat,,,,,,,,,,,,,,
Paracord,Paracord,,Karsvik,Ladan,Pysselhurts,,Förbrukningsvara,,,kv,,8/24/2023,,,,,,,,,
Pennor & Saxar ,Pennor & Saxar ,,Karsvik,Ladan,Pysselhurts,,Förbrukningsvara,,,kv,,8/24/2023,,,,,,,,,
Pennor  /Östergården,Pennor  /Östergården,,Karsvik,Ostergarden,Rum,,Förbrukningsvara,,,kv,,8/24/2023,,,,,,,,,
Plastbord,Plastbord 1,,Karsvik,Kallforradet,,,Mote,,,kv,,8/24/2023,,,,,,,,,
Plastbord,Plastbord 2,,Karsvik,Kallforradet,,,Mote,,,kv,,8/24/2023,,,,,,,,,
Plastbord,Plastbord 3,,Karsvik,Kallforradet,,,Mote,,,kv,,8/24/2023,,,,,,,,,
Plastbord,Plastbord 4,,Karsvik,Kallforradet,,,Mote,,,kv,,8/24/2023,,,,,,,,,
Plastbord,Plastbord 5,,Karsvik,Kallforradet,,,Mote,,,kv,,8/24/2023,,,,,,,,,
Plastbord,Plastbord 6,,Karsvik,Kallforradet,,,Mote,,,kv,,8/24/2023,,,,,,,,,
Plastbord,Plastbord 7,,Karsvik,Kallforradet,,,Mote,,,kv,,8/24/2023,,,,,,,,,
Plastbord,Plastbord 8,,Karsvik,Kallforradet,,,Mote,,,kv,,8/24/2023,,,,,,,,,
Plastbord,Plastbord 9,,Karsvik,Kallforradet,,,Mote,,,kv,,8/24/2023,,,,,,,,,
Plastbord,Plastbord 10,,Karsvik,Kallforradet,,,Mote,,,kv,,8/24/2023,,,,,,,,,
Plastbord,Plastbord 11,,Karsvik,Kallforradet,,,Mote,,,kv,,8/24/2023,,,,,,,,,
Plastbord,Plastbord 12,,Karsvik,Kallforradet,,,Mote,,,kv,,8/24/2023,,,,,,,,,
Plastpallar Grön & gul,Plastpallar Grön & gul 1,,Karsvik,Kallforradet,,,Mote,,,kv,,8/24/2023,,,,,,,,,
Plastpallar Grön & gul,Plastpallar Grön & gul 2,,Karsvik,Kallforradet,,,Mote,,,kv,,8/24/2023,,,,,,,,,
Plastpallar Grön & gul,Plastpallar Grön & gul 3,,Karsvik,Kallforradet,,,Mote,,,kv,,8/24/2023,,,,,,,,,
Plastpallar Grön & gul,Plastpallar Grön & gul 4,,Karsvik,Kallforradet,,,Mote,,,kv,,8/24/2023,,,,,,,,,
Plastpallar Grön & gul,Plastpallar Grön & gul 5,,Karsvik,Kallforradet,,,Mote,,,kv,,8/24/2023,,,,,,,,,
Plastpallar Grön & gul,Plastpallar Grön & gul 6,,Karsvik,Kallforradet,,,Mote,,,kv,,8/24/2023,,,,,,,,,
Plastpallar Grön & gul,Plastpallar Grön & gul 7,,Karsvik,Kallforradet,,,Mote,,,kv,,8/24/2023,,,,,,,,,
Plastpallar Grön & gul,Plastpallar Grön & gul 8,,Karsvik,Kallforradet,,,Mote,,,kv,,8/24/2023,,,,,,,,,
Plastpallar Grön & gul,Plastpallar Grön & gul 9,,Karsvik,Kallforradet,,,Mote,,,kv,,8/24/2023,,,,,,,,,
Plastpallar Grön & gul,Plastpallar Grön & gul 10,,Karsvik,Kallforradet,,,Mote,,,kv,,8/24/2023,,,,,,,,,
Plastpallar Grön & gul,Plastpallar Grön & gul 11,,Karsvik,Kallforradet,,,Mote,,,kv,,8/24/2023,,,,,,,,,
Plastpallar Grön & gul,Plastpallar Grön & gul 12,,Karsvik,Kallforradet,,,Mote,,,kv,,8/24/2023,,,,,,,,,
Plastpallar Grön & gul,Plastpallar Grön & gul 13,,Karsvik,Kallforradet,,,Mote,,,kv,,8/24/2023,,,,,,,,,
Plåtsax,Plåtsax 1,,Hajkförrådet,,,,Verktyg,,,,,,,,,,,,,,
Plåtsax,Plåtsax 2,,Hajkförrådet,,,,Verktyg,,,,,,,,,,,,,,
Plåtsax,Plåtsax 3,,Hajkförrådet,,,,Verktyg,,,,,,,,,,,,,,
Plåtsax,Plåtsax 4,,Hajkförrådet,,,,Verktyg,,,,,,,,,,,,,,
Plåtsax,Plåtsax 5,,Hajkförrådet,,,,Verktyg,,,,,,,,,,,,,,
Plåtsax,Plåtsax 6,,Hajkförrådet,,,,Verktyg,,,,,,,,,,,,,,
Plåtsax,Plåtsax 7,,Hajkförrådet,,,,Verktyg,,,,,,,,,,,,,,
Plåtsax,Plåtsax 8,,Hajkförrådet,,,,Verktyg,,,,,,,,,,,,,,
Plåtsax,Plåtsax 9,,Hajkförrådet,,,,Verktyg,,,,,,,,,,,,,,
Plåtsax,Plåtsax 10,,Hajkförrådet,,,,Verktyg,,,,,,,,,,,,,,
Plåtsax,Plåtsax 11,,Hajkförrådet,,,,Verktyg,,,,,,,,,,,,,,
Plåtsax,Plåtsax 12,,Hajkförrådet,,,,Verktyg,,,,,,,,,,,,,,
Plåtsax,Plåtsax 13,,Hajkförrådet,,,,Verktyg,,,,,,,,,,,,,,
Popcorngryta,Popcorngryta,,Karsvik,Kallforradet,,,Mat,,,kv,,8/24/2023,,,,,,,,,
Portabel toa,Portabel toa,,Hajkförrådet,,,,övrigt,,,,,,,,,,,,,,
Potatis skalare för Spårare,Potatis skalare för Spårare 1,,Karsvik,Ostergarden,Mötesförrådet,Knivar,Verktyg,,,kv,,8/24/2023,,,,,,,,,
Potatis skalare för Spårare,Potatis skalare för Spårare 2,,Karsvik,Ostergarden,Mötesförrådet,Knivar,Verktyg,,,kv,,8/24/2023,,,,,,,,,
Potatis skalare för Spårare,Potatis skalare för Spårare 3,,Karsvik,Ostergarden,Mötesförrådet,Knivar,Verktyg,,,kv,,8/24/2023,,,,,,,,,
Potatis skalare för Spårare,Potatis skalare för Spårare 4,,Karsvik,Ostergarden,Mötesförrådet,Knivar,Verktyg,,,kv,,8/24/2023,,,,,,,,,
Potatis skalare för Spårare,Potatis skalare för Spårare 5,,Karsvik,Ostergarden,Mötesförrådet,Knivar,Verktyg,,,kv,,8/24/2023,,,,,,,,,
Potatis skalare för Spårare,Potatis skalare för Spårare 6,,Karsvik,Ostergarden,Mötesförrådet,Knivar,Verktyg,,,kv,,8/24/2023,,,,,,,,,
Potatis skalare för Spårare,Potatis skalare för Spårare 7,,Karsvik,Ostergarden,Mötesförrådet,Knivar,Verktyg,,,kv,,8/24/2023,,,,,,,,,
Potatis skalare för Spårare,Potatis skalare för Spårare 8,,Karsvik,Ostergarden,Mötesförrådet,Knivar,Verktyg,,,kv,,8/24/2023,,,,,,,,,
Presenning,Presenning 21,,Karsvik,Kallforradet,,,Program,,,kv,,8/24/2023,,,,,,,,,
Presenning,Presenning 22,,Karsvik,Kallforradet,,,Program,,,kv,,8/24/2023,,,,,,,,,
Presenning,Presenning 23,,Karsvik,Kallforradet,,,Program,,,kv,,8/24/2023,,,,,,,,,
Presenning,Presenning 24,,Karsvik,Kallforradet,,,Program,,,kv,,8/24/2023,,,,,,,,,
Presenning,Presenning 25,,Karsvik,Kallforradet,,,Program,,,kv,,8/24/2023,,,,,,,,,
Presenning,Presenning 26,,Karsvik,Kallforradet,,,Program,,,kv,,8/24/2023,,,,,,,,,
Presenning,Presenning 27,,Karsvik,Kallforradet,,,Program,,,kv,,8/24/2023,,,,,,,,,
Presenning för vindskydd,Presenning för vindskydd 1,,Hajkförrådet,,,,Sova,,,,,,,,,,,,,,
Presenning för vindskydd,Presenning för vindskydd 2,,Hajkförrådet,,,,Sova,,,,,,,,,,,,,,
Presenning för vindskydd,Presenning för vindskydd 3,,Hajkförrådet,,,,Sova,,,,,,,,,,,,,,
Presenning för vindskydd,Presenning för vindskydd 4,,Hajkförrådet,,,,Sova,,,,,,,,,,,,,,
Presenning för vindskydd,Presenning för vindskydd 5,,Hajkförrådet,,,,Sova,,,,,,,,,,,,,,
Presenning för vindskydd,Presenning för vindskydd 6,,Hajkförrådet,,,,Sova,,,,,,,,,,,,,,
Presenning,Presenning 1,,Hajkförrådet,,,,Sova,,,,,,,,,,,,,,
Presenning,Presenning 2,,Hajkförrådet,,,,Sova,,,,,,,,,,,,,,
Presenning,Presenning 3,,Hajkförrådet,,,,Sova,,,,,,,,,,,,,,
Presenning,Presenning 4,,Hajkförrådet,,,,Sova,,,,,,,,,,,,,,
Presenning,Presenning 5,,Hajkförrådet,,,,Sova,,,,,,,,,,,,,,
Presenning,Presenning 6,,Hajkförrådet,,,,Sova,,,,,,,,,,,,,,
Presenning,Presenning 7,,Hajkförrådet,,,,Sova,,,,,,,,,,,,,,
Presenning,Presenning 8,,Hajkförrådet,,,,Sova,,,,,,,,,,,,,,
Presenning,Presenning 9,,Hajkförrådet,,,,Sova,,,,,,,,,,,,,,
Presenning,Presenning 10,,Hajkförrådet,,,,Sova,,,,,,,,,,,,,,
Projektor,Projektor 1,,Karsvik,Ostergarden,Mötesförrådet,,Elektronik,,,kv,,8/24/2023,,,,,,,,,
Projektor,Projektor 2,,Karsvik,Ostergarden,Mötesförrådet,,Elektronik,,,kv,,45162,,,,,,,,,
Projektor,Projektor 3,,Hajkförrådet,,,,elektronik,,,,,,,,,,,,,,
Pulka,Pulka 1,,Karsvik,Kallforradet,,,Program,,,kv,,8/24/2023,,,,,,,,,
Pulka,Pulka 2,,Karsvik,Kallforradet,,,Program,,,kv,,8/24/2023,,,,,,,,,
Pulka,Pulka 3,,Karsvik,Kallforradet,,,Program,,,kv,,8/24/2023,,,,,,,,,
Pulka,Pulka 4,,Karsvik,Kallforradet,,,Program,,,kv,,8/24/2023,,,,,,,,,
Pulka,Pulka 5,,Karsvik,Kallforradet,,,Program,,,kv,,8/24/2023,,,,,,,,,
Pärlor & Pärlplattor,Pärlor & Pärlplattor,,Karsvik,Ladan,Pysselhurts,,Förbrukningsvara,,,kv,,8/24/2023,,,,,,,,,
Rasp,Rasp 1,,Karsvik,Ostergarden,Mötesförrådet,Slipverktyg,Verktyg,,,kv,,8/24/2023,,,,,,,,,
Rasp,Rasp 2,,Karsvik,Ostergarden,Mötesförrådet,Slipverktyg,Verktyg,,,kv,,45162,,,,,,,,,
"Rasp, rund","Rasp, rund 1",,Karsvik,Ostergarden,Mötesförrådet,Slipverktyg,Verktyg,,,kv,,8/24/2023,,,,,,,,,
"Rasp, rund","Rasp, rund 2",,Karsvik,Ostergarden,Mötesförrådet,Slipverktyg,Verktyg,,,kv,,8/24/2023,,,,,,,,,
"Rasp, rund","Rasp, rund 3",,Karsvik,Ostergarden,Mötesförrådet,Slipverktyg,Verktyg,,,kv,,8/24/2023,,,,,,,,,
Reflexer,Reflexer,,Karsvik,Ostergarden,Mötesförrådet,,Program,,,kv,,8/24/2023,,,,,,,,,
Reflexer i hink 20st,Reflexer i hink 20st,,Hajkförrådet,,,,övrigt,,,,,,,,,,,,,,
Rep,Rep 1,,Hajkförrådet,,,,program,,,,,,,,,,,,,,
Rep,Rep 2,,Hajkförrådet,,,,program,,,,,,,,,,,,,,
Restaurang-kaffebryggarkit stor,Restaurang-kaffebryggarkit stor,,Hajkförrådet,,,,Mat,,,,,,,,,,,,,,
Ridå-kit för Dramamöte,Ridå-kit för Dramamöte,,Karsvik,Ostergarden,Mötesförrådet,,Program,,,kv,,8/24/2023,,,,,,,,,
Robin Hood kit ,Robin Hood kit ,,Hajkförrådet,,,,Program,,,,,,,,,,,,,,
Rockring,Rockring 1,,Karsvik,Kallforradet,,,Program,,,kv,,8/24/2023,,,,,,,,,
Rockring,Rockring 2,,Karsvik,Kallforradet,,,Program,,,kv,,8/24/2023,,,,,,,,,
Rockring,Rockring 3,,Karsvik,Kallforradet,,,Program,,,kv,,8/24/2023,,,,,,,,,
Rockring,Rockring 4,,Karsvik,Kallforradet,,,Program,,,kv,,8/24/2023,,,,,,,,,
Rockring,Rockring 5,,Karsvik,Kallforradet,,,Program,,,kv,,8/24/2023,,,,,,,,,
Rockring,Rockring 6,,Karsvik,Kallforradet,,,Program,,,kv,,8/24/2023,,,,,,,,,
Rundfil,Rundfil 1,,Karsvik,Ostergarden,Mötesförrådet,Slipverktyg,Verktyg,,,kv,,8/24/2023,,,,,,,,,
Rundfil,Rundfil 2,,Karsvik,Ostergarden,Mötesförrådet,Slipverktyg,Verktyg,,,kv,,8/24/2023,,,,,,,,,
Rundfil,Rundfil 3,,Karsvik,Ostergarden,Mötesförrådet,Slipverktyg,Verktyg,,,kv,,8/24/2023,,,,,,,,,
Rundfil,Rundfil 4,,Karsvik,Ostergarden,Mötesförrådet,Slipverktyg,Verktyg,,,kv,,8/24/2023,,,,,,,,,
Rundfil,Rundfil 5,,Karsvik,Ostergarden,Mötesförrådet,Slipverktyg,Verktyg,,,kv,,8/24/2023,,,,,,,,,
Rundfil,Rundfil 6,,Karsvik,Ostergarden,Mötesförrådet,Slipverktyg,Verktyg,,,kv,,8/24/2023,,,,,,,,,
Rundfil,Rundfil 7,,Karsvik,Ostergarden,Mötesförrådet,Slipverktyg,Verktyg,,,kv,,8/24/2023,,,,,,,,,
Räddningslina,Räddningslina 1,,Hajkförrådet,,,,Säkerhet,,,,,,,,,,,,,,
Räddningslina,Räddningslina 2,,Hajkförrådet,,,,Säkerhet,,,,,,,,,,,,,,
Räddningslina,Räddningslina 3,,Hajkförrådet,,,,Säkerhet,,,,,,,,,,,,,,
Räddningslina,Räddningslina 4,,Hajkförrådet,,,,Säkerhet,,,,,,,,,,,,,,
Räddningslina,Räddningslina 5,,Hajkförrådet,,,,Säkerhet,,,,,,,,,,,,,,
Räddningslinor,Räddningslinor 1,,Karsvik,Ostergarden,Mötesförrådet,,Program,,,kv,,8/24/2023,,,,,,,,,
Räddningslinor,Räddningslinor 2,,Karsvik,Ostergarden,Mötesförrådet,,Program,,,kv,,45162,,,,,,,,,
Räfsor,Räfsor 1,,Karsvik,Kallforradet,,,Verktyg,,,kv,,8/24/2023,,,,,,,,,
Räfsor,Räfsor 2,,Karsvik,Kallforradet,,,Verktyg,,,kv,,45162,,,,,,,,,
Saxar,Saxar,,Karsvik,Ostergarden,Rum,,Förbrukningsvara,,,kv,,8/24/2023,,,,,,,,,
Selar Wild Country,Selar Wild Country 1,,Hajkförrådet,,,,Klättra,,,,,,,,,,,,,,
Selar Wild Country,Selar Wild Country 2,,Hajkförrådet,,,,Klättra,,,,,,,,,,,,,,
Selar Wild Country,Selar Wild Country 3,,Hajkförrådet,,,,Klättra,,,,,,,,,,,,,,
Selar Wild Country,Selar Wild Country 4,,Hajkförrådet,,,,Klättra,,,,,,,,,,,,,,
Sele Singing Rock,Sele Singing Rock 1 1,,Hajkförrådet,,,,program,,,,,,,,,,,,,,
Sele Singing Rock,Sele Singing Rock 2,,Hajkförrådet,,,,program,,,,,,,,,,,,,,
"Sele, äldre","Sele, Äldre 1",,Hajkförrådet,,,,Klättra,,,,,,,,,,,,,,
"Sele, äldre","Sele, Äldre 2",,Hajkförrådet,,,,Klättra,,,,,,,,,,,,,,
"Sele, äldre","Sele, Äldre 3",,Hajkförrådet,,,,Klättra,,,,,,,,,,,,,,
Sisalhink c-sisal,Sisalhink c-sisal 1,,Karsvik,Ostergarden,Mötesförrådet,,Förbrukningsvara,,,kv,,8/24/2023,,,,,,,,,
Sisalhink c-sisal,Sisalhink c-sisal 2,,Karsvik,Ostergarden,Mötesförrådet,,Förbrukningsvara,,,kv,,45162,,,,,,,,,
Sisalhink c-sisal,Sisalhink c-sisal 3,,Hajkförrådet,,,,övrigt,,,,,,,,,,,,,,
Sisalhink c-sisal,Sisalhink c-sisal 4,,Hajkförrådet,,,,övrigt,,,,,,,,,,,,,,
Sisalhink c-sisal,Sisalhink c-sisal 5,,Hajkförrådet,,,,övrigt,,,,,,,,,,,,,,
Sisalhink c-sisal,Sisalhink c-sisal 6,,Hajkförrådet,,,,övrigt,,,,,,,,,,,,,,
Skor,Skor i olika storlekar 1,,Hajkförrådet,,,,program,,,,,,,,,,,,,,
Skor,Skor i olika storlekar 2,,Hajkförrådet,,,,program,,,,,,,,,,,,,,
Skor,Skor i olika storlekar 3,,Hajkförrådet,,,,program,,,,,,,,,,,,,,
Skor,Skor i olika storlekar 4,,Hajkförrådet,,,,program,,,,,,,,,,,,,,
Skor,Skor i olika storlekar 5,,Hajkförrådet,,,,program,,,,,,,,,,,,,,
Skyffel,Skyffel 1,,Karsvik,Kallforradet,,,Verktyg,,,kv,,8/24/2023,,,,,,,,,
Skyffel,Skyffel 2,,Karsvik,Kallforradet,,,Verktyg,,,kv,,8/24/2023,,,,,,,,,
Skyffel,Skyffel 3,,Karsvik,Kallforradet,,,Verktyg,,,kv,,8/24/2023,,,,,,,,,
Skyffel,Skyffel 4,,Karsvik,Kallforradet,,,Verktyg,,,kv,,8/24/2023,,,,,,,,,
Skyffel,Skyffel 5,,Karsvik,Kallforradet,,,Verktyg,,,kv,,8/24/2023,,,,,,,,,
Slacklinekitt,Slacklinekitt 1,,Hajkförrådet,,,,Program,,,,,,,,,,,,,,
Slacklinekitt,Slacklinekitt 2,,Hajkförrådet,,,,Program,,,,,,,,,,,,,,
Slipkloss,Slipkloss 1,,Karsvik,Ostergarden,Mötesförrådet,Slipverktyg,Verktyg,,,kv,,8/24/2023,,,,,,,,,
Slipkloss,Slipkloss 2,,Karsvik,Ostergarden,Mötesförrådet,Slipverktyg,Verktyg,,,kv,,8/24/2023,,,,,,,,,
Slipkloss,Slipkloss 3,,Karsvik,Ostergarden,Mötesförrådet,Slipverktyg,Verktyg,,,kv,,8/24/2023,,,,,,,,,
Slippapper,Slippapper,,Karsvik,Ostergarden,Mötesförrådet,Slipverktyg,Verktyg,,,kv,,8/24/2023,,,,,,,,,
Snitslar med Klädnypa,Snitslar med klädnypa,,Karsvik,Ostergarden,Mötesförrådet,,Program,,,kv,,8/24/2023,,,,,,,,,
Snittslar i hink,Snittslar i hink 1,,Hajkförrådet,,,,övrigt,,,,,,,,,,,,,,
Snittslar i hink,Snittslar i hink 2,,Hajkförrådet,,,,övrigt,,,,,,,,,,,,,,
Snöspade liten,Snöspade liten 1,,Hajkförrådet,,,,Verktyg,,,,,,,,,,,,,,
Snöspade liten,Snöspade liten 2,,Hajkförrådet,,,,Verktyg,,,,,,,,,,,,,,
Sopborste,Sopborste,,Karsvik,Kallforradet,,,Verktyg,,,kv,,8/24/2023,,,,,,,,,
Spadar,Spadar 1,,Karsvik,Kallforradet,,,Verktyg,,,kv,,8/24/2023,,,,,,,,,
Spadar,Spadar 2,,Karsvik,Kallforradet,,,Verktyg,,,kv,,45162,,,,,,,,,
Spikpåsar för vindskydd,Spikpåsar för vindskydd 2,,Hajkförrådet,,,,Sova,,,,,,,,,,,,,,
Spikpåsar för vindskydd,Spikpåsar för vindskydd 3,,Hajkförrådet,,,,Sova,,,,,,,,,,,,,,
Spikpåsar för vindskydd,Spikpåsar för vindskydd 4,,Hajkförrådet,,,,Sova,,,,,,,,,,,,,,
Spikpåsar för vindskydd,Spikpåsar för vindskydd 5,,Hajkförrådet,,,,Sova,,,,,,,,,,,,,,
Spikpåsar för vindskydd,Spikpåsar för vindskydd 6,,Hajkförrådet,,,,Sova,,,,,,,,,,,,,,
Spikpåsar för vindskydd,Spikpåsar för vindskydd 7,,Hajkförrådet,,,,Sova,,,,,,,,,,,,,,
Spikpåsar för vindskydd,Spikpåsar för vindskydd 8,,Hajkförrådet,,,,Sova,,,,,,,,,,,,,,
Spikpåsar för vindskydd,Spikpåsar för vindskydd 9,,Hajkförrådet,,,,Sova,,,,,,,,,,,,,,
Spikpåsar för vindskydd,Spikpåsar för vindskydd 10,,Hajkförrådet,,,,Sova,,,,,,,,,,,,,,
Spikpåsar för vindskydd,Spikpåsar för vindskydd 11,,Hajkförrådet,,,,Sova,,,,,,,,,,,,,,
Späntkniv,Späntkniv 1,,Karsvik,Ostergarden,Mötesförrådet,Knivar,Verktyg,,,kv,,8/24/2023,,,,,,,,,
Späntkniv,Späntkniv 2,,Karsvik,Ostergarden,Mötesförrådet,Knivar,Verktyg,,,kv,,8/24/2023,,,,,,,,,
Späntkniv,Späntkniv 3,,Karsvik,Ostergarden,Mötesförrådet,Knivar,Verktyg,,,kv,,8/24/2023,,,,,,,,,
Späntkniv,Späntkniv 4,,Karsvik,Ostergarden,Mötesförrådet,Knivar,Verktyg,,,kv,,8/24/2023,,,,,,,,,
Späntkniv,Späntkniv 5,,Karsvik,Ostergarden,Mötesförrådet,Knivar,Verktyg,,,kv,,8/24/2023,,,,,,,,,
Späntkniv,Späntkniv 1,,Hajkförrådet,,,,Verktyg,,,,,,,,,,,,,,
Späntkniv,Späntkniv 2,,Hajkförrådet,,,,Verktyg,,,,,,,,,,,,,,
Späntkniv,Späntkniv 3,,Hajkförrådet,,,,Verktyg,,,,,,,,,,,,,,
Späntkniv,Späntkniv 4,,Hajkförrådet,,,,Verktyg,,,,,,,,,,,,,,
Starwars kit,Starwars kit,,Hajkförrådet,,,,Program,,,,,,,,,,,,,,
Stjärtlapp,Stjärtlapp 1,,Karsvik,Kallforradet,,,Program,,,kv,,8/24/2023,,,,,,,,,
Stjärtlapp,Stjärtlapp 2,,Karsvik,Kallforradet,,,Program,,,kv,,8/24/2023,,,,,,,,,
Stjärtlapp,Stjärtlapp 3,,Karsvik,Kallforradet,,,Program,,,kv,,8/24/2023,,,,,,,,,
Stjärtlapp,Stjärtlapp 4,,Karsvik,Kallforradet,,,Program,,,kv,,8/24/2023,,,,,,,,,
Stjärtlapp,Stjärtlapp 5,,Karsvik,Kallforradet,,,Program,,,kv,,8/24/2023,,,,,,,,,
Stjärtlapp,Stjärtlapp 6,,Karsvik,Kallforradet,,,Program,,,kv,,8/24/2023,,,,,,,,,
Stjärtlapp,Stjärtlapp 7,,Karsvik,Kallforradet,,,Program,,,kv,,8/24/2023,,,,,,,,,
Stjärtlapp,Stjärtlapp 8,,Karsvik,Kallforradet,,,Program,,,kv,,8/24/2023,,,,,,,,,
Stjärtlapp,Stjärtlapp 9,,Karsvik,Kallforradet,,,Program,,,kv,,8/24/2023,,,,,,,,,
Stjärtlapp,Stjärtlapp 10,,Karsvik,Kallforradet,,,Program,,,kv,,8/24/2023,,,,,,,,,
Stjärtlapp,Stjärtlapp 11,,Karsvik,Kallforradet,,,Program,,,kv,,8/24/2023,,,,,,,,,
Stjärtlapp,Stjärtlapp 12,,Karsvik,Kallforradet,,,Program,,,kv,,8/24/2023,,,,,,,,,
Stjärtlapp,Stjärtlapp 13,,Karsvik,Kallforradet,,,Program,,,kv,,8/24/2023,,,,,,,,,
Stjärtlapp,Stjärtlapp 14,,Karsvik,Kallforradet,,,Program,,,kv,,8/24/2023,,,,,,,,,
Stjärtlapp,Stjärtlapp 15,,Karsvik,Kallforradet,,,Program,,,kv,,8/24/2023,,,,,,,,,
Stjärtlapp,Stjärtlapp 16,,Karsvik,Kallforradet,,,Program,,,kv,,8/24/2023,,,,,,,,,
Stjärtlapp,Stjärtlapp 17,,Karsvik,Kallforradet,,,Program,,,kv,,8/24/2023,,,,,,,,,
Stjärtlapp,Stjärtlapp 18,,Karsvik,Kallforradet,,,Program,,,kv,,8/24/2023,,,,,,,,,
Stjärtlapp,Stjärtlapp 19,,Karsvik,Kallforradet,,,Program,,,kv,,8/24/2023,,,,,,,,,
Stjärtlapp,Stjärtlapp 20,,Karsvik,Kallforradet,,,Program,,,kv,,8/24/2023,,,,,,,,,
Stjärtlapp,Stjärtlapp 21,,Karsvik,Kallforradet,,,Program,,,kv,,8/24/2023,,,,,,,,,
Stjärtlapp,Stjärtlapp 22,,Karsvik,Kallforradet,,,Program,,,kv,,8/24/2023,,,,,,,,,
Stjärtlapp,Stjärtlapp 23,,Karsvik,Kallforradet,,,Program,,,kv,,8/24/2023,,,,,,,,,
Stjärtlapp,Stjärtlapp 24,,Karsvik,Kallforradet,,,Program,,,kv,,8/24/2023,,,,,,,,,
Stormkök,Stormkök 11,,Hajkförrådet,,,,Mat,,,,,,,,,,,,,,
Stormkök,Stormkök 12,,Hajkförrådet,,,,Mat,,,,,,,,,,,,,,
Stormkök,Stormkök 13,,Hajkförrådet,,,,Mat,,,,,,,,,,,,,,
Stormkök,Stormkök 14,,Hajkförrådet,,,,Mat,,,,,,,,,,,,,,
Stormkök,Stormkök 15,,Hajkförrådet,,,,Mat,,,,,,,,,,,,,,
Stormkök,Stormkök 16,,Hajkförrådet,,,,Mat,,,,,,,,,,,,,,
Stormkök,Stormkök 17,,Hajkförrådet,,,,Mat,,,,,,,,,,,,,,
Stormkök,Stormkök 18,,Hajkförrådet,,,,Mat,,,,,,,,,,,,,,
Stormkök,Stormkök 19,,Hajkförrådet,,,,Mat,,,,,,,,,,,,,,
Stormkök,Stormkök 20,,Hajkförrådet,,,,Mat,,,,,,,,,,,,,,
Stormkök,Stormkök 21,,Hajkförrådet,,,,Mat,,,,,,,,,,,,,,
Stormkök,Stormkök 22,,Hajkförrådet,,,,Mat,,,,,,,,,,,,,,
Stormkök,Stormkök 23,,Hajkförrådet,,,,Mat,,,,,,,,,,,,,,
Stormkök,Stormkök 24,,Hajkförrådet,,,,Mat,,,,,,,,,,,,,,
Stormkök,Stormkök 25,,Hajkförrådet,,,,Mat,,,,,,,,,,,,,,
Stormkök,Stormkök 26,,Hajkförrådet,,,,Mat,,,,,,,,,,,,,,
Stormkök,Stormkök 27,,Hajkförrådet,,,,Mat,,,,,,,,,,,,,,
Stormkök,Stormkök 28,,Hajkförrådet,,,,Mat,,,,,,,,,,,,,,
Stormkök,Stormkök 29,,Hajkförrådet,,,,Mat,,,,,,,,,,,,,,
Stormkök,Stormkök 30,,Hajkförrådet,,,,Mat,,,,,,,,,,,,,,
Stormkök,Stormkök 31,,Hajkförrådet,,,,Mat,,,,,,,,,,,,,,
Stormkök,Stormkök 32,,Hajkförrådet,,,,Mat,,,,,,,,,,,,,,
Stormkök,Stormkök 33,,Hajkförrådet,,,,Mat,,,,,,,,,,,,,,
Stormkök,Stormkök 34,,Hajkförrådet,,,,Mat,,,,,,,,,,,,,,
Stormkök,Stormkök 35,,Hajkförrådet,,,,Mat,,,,,,,,,,,,,,
Stormkök,Stormkök 36,,Hajkförrådet,,,,Mat,,,,,,,,,,,,,,
Stormkök,Stormkök 37,,Hajkförrådet,,,,Mat,,,,,,,,,,,,,,
Stormkök,Stormkök 38,,Hajkförrådet,,,,Mat,,,,,,,,,,,,,,
Stormkök,Stormkök 39,,Hajkförrådet,,,,Mat,,,,,,,,,,,,,,
Stormkök,Stormkök 40,,Hajkförrådet,,,,Mat,,,,,,,,,,,,,,
Stormkök,Stormkök 41,,Hajkförrådet,,,,Mat,,,,,,,,,,,,,,
Stormkök,Stormkök 42,,Hajkförrådet,,,,Mat,,,,,,,,,,,,,,
Stormkök,Stormkök 43,,Hajkförrådet,,,,Mat,,,,,,,,,,,,,,
Stormkök,Stormkök 44,,Hajkförrådet,,,,Mat,,,,,,,,,,,,,,
Stormkök,Stormkök 1,,Karsvik,Ostergarden,Mötesförrådet,,Mat,,,kv,,8/24/2023,,,,,,,,,
Stormkök,Stormkök 2,,Karsvik,Ostergarden,Mötesförrådet,,Mat,,,kv,,8/25/2023,,,,,,,,,
Stormkök,Stormkök 3,,Karsvik,Ostergarden,Mötesförrådet,,Mat,,,kv,,8/26/2023,,,,,,,,,
Stormkök,Stormkök 4,,Karsvik,Ostergarden,Mötesförrådet,,Mat,,,kv,,8/27/2023,,,,,,,,,
Stormkök,Stormkök 5,,Karsvik,Ostergarden,Mötesförrådet,,Mat,,,kv,,8/28/2023,,,,,,,,,
Stormkök,Stormkök 6,,Karsvik,Ostergarden,Mötesförrådet,,Mat,,,kv,,8/29/2023,,,,,,,,,
Stormkök,Stormkök 7,,Karsvik,Ostergarden,Mötesförrådet,,Mat,,,kv,,8/30/2023,,,,,,,,,
Stormkök,Stormkök 8,,Karsvik,Ostergarden,Mötesförrådet,,Mat,,,kv,,8/31/2023,,,,,,,,,
Stormkök,Stormkök 9,,Karsvik,Ostergarden,Mötesförrådet,,Mat,,,kv,,9/1/2023,,,,,,,,,
Stormkök,Stormkök 10,,Karsvik,Ostergarden,Mötesförrådet,,Mat,,,kv,,9/2/2023,,,,,,,,,
Stänger för Vindskydd,Stänger för Vindskydd 1,,Hajkförrådet,,,,Sova,,,,,,,,,,,,,,
Stänger för Vindskydd,Stänger för Vindskydd 2,,Hajkförrådet,,,,Sova,,,,,,,,,,,,,,
Stänger för Vindskydd,Stänger för Vindskydd 3,,Hajkförrådet,,,,Sova,,,,,,,,,,,,,,
Stänger för Vindskydd,Stänger för Vindskydd 4,,Hajkförrådet,,,,Sova,,,,,,,,,,,,,,
Stänger för Vindskydd,Stänger för Vindskydd 5,,Hajkförrådet,,,,Sova,,,,,,,,,,,,,,
Stänger för Vindskydd,Stänger för Vindskydd 6,,Hajkförrådet,,,,Sova,,,,,,,,,,,,,,
Stänger för Vindskydd,Stänger för Vindskydd 7,,Hajkförrådet,,,,Sova,,,,,,,,,,,,,,
Stänger för Vindskydd,Stänger för Vindskydd 8,,Hajkförrådet,,,,Sova,,,,,,,,,,,,,,
Stänger för Vindskydd,Stänger för Vindskydd 9,,Hajkförrådet,,,,Sova,,,,,,,,,,,,,,
Surrningskit,Surrningskit,,Kammaren,,,,Program,,,,,,,,,,,,,,
Surrningspollare,Surrningspollare 1,,Karsvik,Kallforradet,,,Program,,,kv,,8/24/2023,,,,,,,,,
Surrningspollare,Surrningspollare 2,,Karsvik,Kallforradet,,,Program,,,kv,,8/24/2023,,,,,,,,,
Surrningspollare,Surrningspollare 3,,Karsvik,Kallforradet,,,Program,,,kv,,8/24/2023,,,,,,,,,
Surrningspollare,Surrningspollare 4,,Karsvik,Kallforradet,,,Program,,,kv,,8/24/2023,,,,,,,,,
surrningsrep,Surrningsrep,,Karsvik,Ostergarden,Mötesförrådet,,Program,,,kv,,8/24/2023,,,,,,,,,
Sågbock,Sågbock,,Karsvik,Kallforradet,,,Verktyg,,,kv,,8/24/2023,,,,,,,,,
Tarp,Tarp 1,,Hajkförrådet,,,,Sova,,,,,,,,,,,,,,
Tarp,Tarp 2,,Hajkförrådet,,,,Sova,,,,,,,,,,,,,,
Tarp,Tarp 3,,Hajkförrådet,,,,Sova,,,,,,,,,,,,,,
Tarp,Tarp 4,,Hajkförrådet,,,,Sova,,,,,,,,,,,,,,
Tarp,Tarp 5,,Hajkförrådet,,,,Sova,,,,,,,,,,,,,,
Tejp,Tejp,,Karsvik,Ladan,Pysselhurts,,Förbrukningsvara,,,kv,,8/24/2023,,,,,,,,,
Textil & Glaspennor,Textil & Glaspennor,,Karsvik,Ladan,Pysselhurts,,Förbrukningsvara,,,kv,,8/24/2023,,,,,,,,,
T-Fat,T-Fat,,Karsvik,Kallforradet,,,Program,,,kv,,8/24/2023,,,,,,,,,
Träpulka,Träpulka,,Hajkförrådet,,,,transport,,,,,,,,,,,,,,
Typsats ,Typsats ,,Karsvik,Ostergarden,Mötesförrådet,Laderslojd,Verktyg,,,kv,,8/24/2023,,,,,,,,,
Täljkitt,Täljkitt,,Kammaren,,,,Program,,,,,,,,,,,,,,
Tält Ifjord Kåta,1. Kåta Ifjord 6,,Hajkförrådet,,,,Sova,,,,,,,,,,,,,,
Tält Ifjord Kåta,2. Kåta Ifjord 6,,Hajkförrådet,,,,Sova,,,,,,,,,,,,,,
Tält Ifjord Kåta,3. Kåta Ifjord 6,,Hajkförrådet,,,,Sova,,,,,,,,,,,,,,
Tält Primus Bifrost,1. Tält Primus Bifrost H6,,Hajkförrådet,,,,Sova,,,,,,,,,,,,,,
Tält Primus Bifrost,2. Tält Primus Bifrost H6,,Hajkförrådet,,,,Sova,,,,,,,,,,,,,,
Tält Primus Bifrost,3. Tält Primus Bifrost H6,,Hajkförrådet,,,,Sova,,,,,,,,,,,,,,
Tält Primus Bifrost,4. Tält Primus Bifrost H6,,Hajkförrådet,,,,Sova,,,,,,,,,,,,,,
Tält Primus Bifrost,5. Tält Primus Bifrost H6,,Hajkförrådet,,,,Sova,,,,,,,,,,,,,,
Tält Primus Bifrost,6. Tält Primus Bifrost H6,,Hajkförrådet,,,,Sova,,,,,,,,,,,,,,
Tält Primus Bifrost,7. Tält Primus Bifrost H6,,Hajkförrådet,,,,Sova,,,,,,,,,,,,,,
Tält Primus Bifrost,8. Tält Primus Bifrost H6,,Hajkförrådet,,,,Sova,,,,,,,,,,,,,,
Tält Primus Bifrost,9. Tält Primus Bifrost H6,,Hajkförrådet,,,,Sova,,,,,,,,,,,,,,
Tält Primus Bifrost,10. Tält Primus Bifrost H6,,Hajkförrådet,,,,Sova,,,,,,,,,,,,,,
Tältlampor,Tältlampor led,,Hajkförrådet,,,,Sova,,,,,,,,,,,,,,
Tändstål,Tändstål 1,,Hajkförrådet,,,,Elda,,,,,,,,,,,,,,
Tändstål,Tändstål 2,,Hajkförrådet,,,,Elda,,,,,,,,,,,,,,
Tändstål,Tändstål 3,,Hajkförrådet,,,,Elda,,,,,,,,,,,,,,
Tändstål,Tändstål 4,,Hajkförrådet,,,,Elda,,,,,,,,,,,,,,
Tändstål,Tändstål 5,,Hajkförrådet,,,,Elda,,,,,,,,,,,,,,
Tändstål,Tändstål 6,,Hajkförrådet,,,,Elda,,,,,,,,,,,,,,
Tändstål,Tändstål 1,,Karsvik,Ostergarden,Mötesförrådet,,Elda,,,kv,,8/24/2023,,,,,,,,,
Tändstål,Tändstål 2,,Karsvik,Ostergarden,Mötesförrådet,,Elda,,,kv,,8/24/2023,,,,,,,,,
Tändstål,Tändstål 3,,Karsvik,Ostergarden,Mötesförrådet,,Elda,,,kv,,8/24/2023,,,,,,,,,
Tändstål,Tändstål 4,,Karsvik,Ostergarden,Mötesförrådet,,Elda,,,kv,,8/24/2023,,,,,,,,,
Tändstål,Tändstål 5,,Karsvik,Ostergarden,Mötesförrådet,,Elda,,,kv,,8/24/2023,,,,,,,,,
Tändstål,Tändstål 6,,Karsvik,Ostergarden,Mötesförrådet,,Elda,,,kv,,8/24/2023,,,,,,,,,
Tändstål,Tändstål 7,,Karsvik,Ostergarden,Mötesförrådet,,Elda,,,kv,,8/24/2023,,,,,,,,,
Tändstål,Tändstål 8,,Karsvik,Ostergarden,Mötesförrådet,,Elda,,,kv,,8/24/2023,,,,,,,,,
Tändstål,Tändstål 9,,Karsvik,Ostergarden,Mötesförrådet,,Elda,,,kv,,8/24/2023,,,,,,,,,
Tändstål,Tändstål 10,,Karsvik,Ostergarden,Mötesförrådet,,Elda,,,kv,,8/24/2023,,,,,,,,,
Tändstål,Tändstål 11,,Karsvik,Ostergarden,Mötesförrådet,,Elda,,,kv,,8/24/2023,,,,,,,,,
Tändstål,Tändstål 12,,Karsvik,Ostergarden,Mötesförrådet,,Elda,,,kv,,8/24/2023,,,,,,,,,
Ukulele,Ukulele 1,,Karsvik,Ostergarden,Rum,,Program,,,kv,,8/24/2023,,,,,,,,,
Ukulele,Ukulele 2,,Karsvik,Ostergarden,Rum,,Program,,,kv,,8/24/2023,,,,,,,,,
Ukulele,Ukulele 3,,Karsvik,Ostergarden,Rum,,Program,,,kv,,8/24/2023,,,,,,,,,
Ukulele,Ukulele 4,,Karsvik,Ostergarden,Rum,,Program,,,kv,,8/24/2023,,,,,,,,,
Ukulele,Ukulele 5,,Karsvik,Ostergarden,Rum,,Program,,,kv,,8/24/2023,,,,,,,,,
Ukulele,Ukulele 6,,Karsvik,Ostergarden,Rum,,Program,,,kv,,8/24/2023,,,,,,,,,
Ukulele,Ukulele 7,,Karsvik,Ostergarden,Rum,,Program,,,kv,,8/24/2023,,,,,,,,,
Ukulele,Ukulele 8,,Karsvik,Ostergarden,Rum,,Program,,,kv,,8/24/2023,,,,,,,,,
Ukulele,Ukulele 9,,Karsvik,Ostergarden,Rum,,Program,,,kv,,8/24/2023,,,,,,,,,
Ukulele,Ukulele 10,,Karsvik,Ostergarden,Rum,,Program,,,kv,,8/24/2023,,,,,,,,,
Ukulele,Ukulele 11,,Karsvik,Ostergarden,Rum,,Program,,,kv,,8/24/2023,,,,,,,,,
Ukulele,Ukulele 12,,Karsvik,Ostergarden,Rum,,Program,,,kv,,8/24/2023,,,,,,,,,
Ukulele,Ukulele 13,,Karsvik,Ostergarden,Rum,,Program,,,kv,,8/24/2023,,,,,,,,,
Utstakningspinnar,Utstakningspinne 1,,Karsvik,Kallforradet,,,Program,,,kv,,8/24/2023,,,,,,,,,
Utstakningspinnar,Utstakningspinne 2,,Karsvik,Kallforradet,,,Program,,,kv,,8/24/2023,,,,,,,,,
Utstakningspinnar,Utstakningspinne 3,,Karsvik,Kallforradet,,,Program,,,kv,,8/24/2023,,,,,,,,,
Utstakningspinnar,Utstakningspinne 4,,Karsvik,Kallforradet,,,Program,,,kv,,8/24/2023,,,,,,,,,
Vattendunk 10L,Vattendunk 10L 1,,Karsvik,Kallforradet,,,Mat,,,kv,,8/24/2023,,,,,,,,,
Vattendunk 10L,Vattendunk 10L 2,,Karsvik,Kallforradet,,,Mat,,,kv,,45162,,,,,,,,,
Vattendunk 10l,Vattendunk 10L 1,,Hajkförrådet,,,,mat,,,,,,,,,,,,,,
Vattendunk 10l,Vattendunk 10L 2,,Hajkförrådet,,,,mat,,,,,,,,,,,,,,
Vattendunk 10l,Vattendunk 10L 3,,Hajkförrådet,,,,mat,,,,,,,,,,,,,,
Vattendunk 10l,Vattendunk 10L 4,,Hajkförrådet,,,,mat,,,,,,,,,,,,,,
Vattendunk 10l,Vattendunk 10L 5,,Hajkförrådet,,,,mat,,,,,,,,,,,,,,
Vattendunk 10l,Vattendunk 10L 6,,Hajkförrådet,,,,mat,,,,,,,,,,,,,,
Vattendunk 10l,Vattendunk 10L 7,,Hajkförrådet,,,,mat,,,,,,,,,,,,,,
Vattendunk 10l,Vattendunk 10L 8,,Hajkförrådet,,,,mat,,,,,,,,,,,,,,
Vattendunk 10l,Vattendunk 10L 9,,Hajkförrådet,,,,mat,,,,,,,,,,,,,,
Vattendunk 10l,Vattendunk 10L 10,,Hajkförrådet,,,,mat,,,,,,,,,,,,,,
Vattendunk 10l,Vattendunk 10L 11,,Hajkförrådet,,,,mat,,,,,,,,,,,,,,
Vattendunk 10l,Vattendunk 10L 12,,Hajkförrådet,,,,mat,,,,,,,,,,,,,,
Vattendunk 10l,Vattendunk 10L 13,,Hajkförrådet,,,,mat,,,,,,,,,,,,,,
Vattendunk 10l,Vattendunk 10L 14,,Hajkförrådet,,,,mat,,,,,,,,,,,,,,
Vattendunk 10l,Vattendunk 10L 15,,Hajkförrådet,,,,mat,,,,,,,,,,,,,,
Vattendunk 5L med kork,Vattendunk 5L med kork 1,,Hajkförrådet,,,,mat,,,,,,,,,,,,,,
Vattendunk 5L med kork,Vattendunk 5L med kork 2,,Hajkförrådet,,,,mat,,,,,,,,,,,,,,
Vattenhink,Vattenhink 1,,Karsvik,Kallforradet,,,Verktyg,,,kv,,8/24/2023,,,,,,,,,
Vattenhink,Vattenhink 2,,Karsvik,Kallforradet,,,Verktyg,,,kv,,8/24/2023,,,,,,,,,
Vattenhink,Vattenhink 3,,Karsvik,Kallforradet,,,Verktyg,,,kv,,8/24/2023,,,,,,,,,
Vattenhink,Vattenhink 4,,Karsvik,Kallforradet,,,Verktyg,,,kv,,8/24/2023,,,,,,,,,
Vattenhink,Vattenhink 5,,Karsvik,Kallforradet,,,Verktyg,,,kv,,8/24/2023,,,,,,,,,
Vattenhink,Vattenhink 6,,Karsvik,Kallforradet,,,Verktyg,,,kv,,8/24/2023,,,,,,,,,
Vattenhink,Vattenhink 7,,Karsvik,Kallforradet,,,Verktyg,,,kv,,8/24/2023,,,,,,,,,
Vattenhink,Vattenhink 8,,Karsvik,Kallforradet,,,Verktyg,,,kv,,8/24/2023,,,,,,,,,
Vattenhink,Vattenhink 9,,Karsvik,Kallforradet,,,Verktyg,,,kv,,8/24/2023,,,,,,,,,
Vattenhink,Vattenhink 10,,Karsvik,Kallforradet,,,Verktyg,,,kv,,8/24/2023,,,,,,,,,
Vattenhink,Vattenhink 11,,Karsvik,Kallforradet,,,Verktyg,,,kv,,8/24/2023,,,,,,,,,
Vattenhink,Vattenhink 12,,Karsvik,Kallforradet,,,Verktyg,,,kv,,8/24/2023,,,,,,,,,
Vattenhink,Vattenhink 13,,Karsvik,Kallforradet,,,Verktyg,,,kv,,8/24/2023,,,,,,,,,
Vattenhink,Vattenhink 14,,Karsvik,Kallforradet,,,Verktyg,,,kv,,8/24/2023,,,,,,,,,
Vattenhink,Vattenhink 15,,Karsvik,Kallforradet,,,Verktyg,,,kv,,8/24/2023,,,,,,,,,
Vattenhink,Vattenhink 16,,Karsvik,Kallforradet,,,Verktyg,,,kv,,8/24/2023,,,,,,,,,
Vattenhink,Vattenhink 17,,Karsvik,Kallforradet,,,Verktyg,,,kv,,8/24/2023,,,,,,,,,
Vattenhink,Vattenhink 18,,Karsvik,Kallforradet,,,Verktyg,,,kv,,8/24/2023,,,,,,,,,
Vattenhink,Vattenhink 19,,Karsvik,Kallforradet,,,Verktyg,,,kv,,8/24/2023,,,,,,,,,
Vattenhink,Vattenhink 20,,Karsvik,Kallforradet,,,Verktyg,,,kv,,8/24/2023,,,,,,,,,
Vattenhink Svart,Vattenhink Svart (Brandhink) 1,,Karsvik,Kallforradet,,,Verktyg,,,kv,,8/24/2023,,,,,,,,,
Vattenhink Svart,Vattenhink Svart (Brandhink) 2,,Karsvik,Kallforradet,,,Verktyg,,,kv,,8/24/2023,,,,,,,,,
Vattenhink Svart,Vattenhink Svart (Brandhink) 3,,Karsvik,Kallforradet,,,Verktyg,,,kv,,8/24/2023,,,,,,,,,
Vattenhink Svart,Vattenhink Svart (Brandhink) 4,,Karsvik,Kallforradet,,,Verktyg,,,kv,,8/24/2023,,,,,,,,,
Vattenhink Svart,Vattenhink Svart (Brandhink) 5,,Karsvik,Kallforradet,,,Verktyg,,,kv,,8/24/2023,,,,,,,,,
Vattenhink Svart,Vattenhink Svart (Brandhink) 6,,Karsvik,Kallforradet,,,Verktyg,,,kv,,8/24/2023,,,,,,,,,
Vindskydd,Vindskydd 1,,Hajkförrådet,,,,Sova,,,,,,,,,,,,,,
Vindskydd,Vindskydd 2,,Hajkförrådet,,,,Sova,,,,,,,,,,,,,,
Vindskydd,Vindskydd 3,,Hajkförrådet,,,,Sova,,,,,,,,,,,,,,
Vindskydd,Vindskydd 4,,Hajkförrådet,,,,Sova,,,,,,,,,,,,,,
Vindskydd,Vindskydd 5,,Hajkförrådet,,,,Sova,,,,,,,,,,,,,,
Vindskydd,Vindskydd 6,,Hajkförrådet,,,,Sova,,,,,,,,,,,,,,
Vindskydd,Vindskydd 7,,Hajkförrådet,,,,Sova,,,,,,,,,,,,,,
Vindskydd,Vindskydd 8,,Hajkförrådet,,,,Sova,,,,,,,,,,,,,,
Vindskydd,Vindskydd 9,,Hajkförrådet,,,,Sova,,,,,,,,,,,,,,
Vindskydd,Vindskydd 10,,Hajkförrådet,,,,Sova,,,,,,,,,,,,,,
Vindskydd,Vindskydd 11,,Hajkförrådet,,,,Sova,,,,,,,,,,,,,,
Vitt & Färgatpapper,Vitt & Färgatpapper,,Karsvik,Ladan,Pysselhurts,,Förbrukningsvara,,,kv,,8/24/2023,,,,,,,,,
Våffeljärn,Våffeljärn,,Hajkförrådet,,,,Mat,,,,,,,,,,,,,,
Värmeljus,Värmeljus,,Karsvik,Ostergarden,Mötesförrådet,,Förbrukningsvara,,,kv,,8/24/2023,,,,,,,,,
Wokpanna liten,Wokpanna liten,,Hajkförrådet,,,,Mat,,,,,,,,,,,,,,
Yxa liten med eggskydd,Yxa liten med eggskydd 1,,Hajkförrådet,,,,Verktyg,,,,,,,,,,,,,,
Yxa liten med eggskydd,Yxa liten med eggskydd 2,,Hajkförrådet,,,,Verktyg,,,,,,,,,,,,,,
Yxa liten med eggskydd,Yxa liten med eggskydd 3,,Hajkförrådet,,,,Verktyg,,,,,,,,,,,,,,
Yxa liten med eggskydd,Yxa liten med eggskydd 4,,Hajkförrådet,,,,Verktyg,,,,,,,,,,,,,,
Yxa liten med eggskydd,Yxa liten med eggskydd 5,,Hajkförrådet,,,,Verktyg,,,,,,,,,,,,,,
Yxa liten med eggskydd,Yxa liten med eggskydd 6,,Hajkförrådet,,,,Verktyg,,,,,,,,,,,,,,
Yxa liten med eggskydd,Yxa liten med eggskydd 7,,Hajkförrådet,,,,Verktyg,,,,,,,,,,,,,,
"Yxa, Liten","Yxa, Liten 1",,Karsvik,Ostergarden,Mötesförrådet,Yxa,Verktyg,,,kv,,8/24/2023,,,,,,,,,
"Yxa, Liten","Yxa, Liten 2",,Karsvik,Ostergarden,Mötesförrådet,Yxa,Verktyg,,,kv,,8/24/2023,,,,,,,,,
"Yxa, Liten","Yxa, Liten 3",,Karsvik,Ostergarden,Mötesförrådet,Yxa,Verktyg,,,kv,,8/24/2023,,,,,,,,,
"Yxa, Liten","Yxa, Liten 4",,Karsvik,Ostergarden,Mötesförrådet,Yxa,Verktyg,,,kv,,8/24/2023,,,,,,,,,
Åttor,Åttor 1,,Hajkförrådet,,,,Klättra,,,,,,,,,,,,,,
Åttor,Åttor 2,,Hajkförrådet,,,,Klättra,,,,,,,,,,,,,,
Åttor,Åttor 3,,Hajkförrådet,,,,Klättra,,,,,,,,,,,,,,
Tält Jamboree,Tält Jamboree Nr 1,,Magasinet,,,,Sova,,,,,,,,,,,,,,
Tält Jamboree,Tält Jamboree Nr 2,,Magasinet,,,,Sova,,,,,,,,,,,,,,
Tält Jamboree,Tält Jamboree Nr 3,,Magasinet,,,,Sova,,,,,,,,,,,,,,
Tält Jamboree,Tält Jamboree Nr 4,,Magasinet,,,,Sova,,,,,,,,,,,,,,
Tält Jamboree,Tält Jamboree Nr 5,,Magasinet,,,,Sova,,,,,,,,,,,,,,
Tält Jamboree,Tält Jamboree Nr 6,,Magasinet,,,,Sova,,,,,,,,,,,,,,
Tält Jamboree,Tält Jamboree Nr 7,,Magasinet,,,,Sova,,,,,,,,,,,,,,
Tält Jamboree,Tält Jamboree Nr 8,,Magasinet,,,,Sova,,,,,,,,,,,,,,
Tält Jamboree,Tält Jamboree Nr 9,,Magasinet,,,,Sova,,,,,,,,,,,,,,
Tält Jamboree,Tält Jamboree Nr 10,,Magasinet,,,,Sova,,,,,,,,,,,,,,
Tält Primus Bifrost,Tält Primus Bifrost Nr 11,,Magasinet,,,,Sova,,,,,,,,,,,,,,
Tält Primus Bifrost,Tält Primus Bifrost Nr 12,,Magasinet,,,,Sova,,,,,,,,,,,,,,
Tält Primus Bifrost,Tält Primus Bifrost Nr 13,,Magasinet,,,,Sova,,,,,,,,,,,,,,
Tält Primus Bifrost,Tält Primus Bifrost Nr 14,,Magasinet,,,,Sova,,,,,,,,,,,,,,
Tält Primus Bifrost,Tält Primus Bifrost Nr 15,,Magasinet,,,,Sova,,,,,,,,,,,,,,
Tält Primus Bifrost,Tält Primus Bifrost Nr 16,,Magasinet,,,,Sova,,,,,,,,,,,,,,
Tält Primus Bifrost,Tält Primus Bifrost Nr 17,,Magasinet,,,,Sova,,,,,,,,,,,,,,
Tält Primus Bifrost,Tält Primus Bifrost Nr 18,,Magasinet,,,,Sova,,,,,,,,,,,,,,
Tält Sibley,Tält Sibley Nr 1,,Magasinet,,,,Sova,,,,,,,,,,,,,,
Tält Sibley,Tält Sibley Nr 2,,Magasinet,,,,Sova,,,,,,,,,,,,,,
Tält Sibley,Tält Sibley Nr 3,,Magasinet,,,,Sova,,,,,,,,,,,,,,
Tält Spindel,Tält Spindel Nr 1,,Magasinet,,,,Sova,,,,,,,,,,,,,,
Tält Spindel,Tält Spindel Nr 2,,Magasinet,,,,Sova,,,,,,,,,,,,,,
Tält Spindel,Tält Spindel Nr 3,,Magasinet,,,,Sova,,,,,,,,,,,,,,
Tält Spindel,Tält Spindel Nr 4,,Magasinet,,,,Sova,,,,,,,,,,,,,,
Tält Garage (4x6),Tält Garage vitt 4x6 Nr 1,,Magasinet,,,,Sova,,,,,,,,,,,,,,
Tält Garage (4x4),Tält Garage vitt 4x4 Nr 1,,Magasinet,,,,Sova,,,,,,,,,,,,,,
Tält Garage (4x4),Tält Garage vitt 4x4 Nr 2,,Magasinet,,,,Sova,,,,,,,,,,,,,,
Tält Garage (4x4),Tält Garage vitt 4x4 Nr 3,,Magasinet,,,,Sova,,,,,,,,,,,,,,
Tält Garage (4x4),Tält Garage vitt 4x4 Nr 4,,Magasinet,,,,Sova,,,,,,,,,,,,,,
Tält Sjukvårdstält,Tält Sjukvårdstält Nr 1,,Magasinet,,,,Sova,,,,,,,,,,,,,,
Tält Garage (4x6),Tält Garage Grönt 4x6 Nr 1,,Magasinet,,,,Sova,,,,,,,,,,,,,,
Tält Garage (4x6),Tält Garage Grönt 4x6 Nr 2,,Magasinet,,,,Sova,,,,,,,,,,,,,,
Tält Garage (4x6),Tält Garage Grönt 4x6 Nr 3,,Magasinet,,,,Sova,,,,,,,,,,,,,,
Tält Garage (4x6),Tält Garage Grönt 4x6 Nr 4,,Magasinet,,,,Sova,,,,,,,,,,,,,,
Tält Garage (4x6),Tält Garage Grönt 4x6 Nr 5,,Magasinet,,,,Sova,,,,,,,,,,,,,,
Tält Partytält (5x8),Tält Partytält (5x8) Nr 1,,Magasinet,,,,Sova,,,,,,,,,,,,,,
Tält Partytält (4X4),Tält Partytält (4X4) Nr 1,,Magasinet,,,,Sova,,,,,,,,,,,,,,
Tält Partytält (4X4),Tält Partytält (4X4) Nr 2,,Magasinet,,,,Sova,,,,,,,,,,,,,,
Transportvagn,Transportvagn 1,,Magasinet,,,,transport,,,,,,,,,,,,,,
Transportvagn,Transportvagn 2,,Magasinet,,,,transport,,,,,,,,,,,,,,
Transportvagn,Transportvagn 3,,Magasinet,,,,transport,,,,,,,,,,,,,,
Transportvagn,Transportvagn 4,,Magasinet,,,,transport,,,,,,,,,,,,,,
Pirra,Pirra 1,,Magasinet,,,,transport,,,,,,,,,,,,,,
Pirra,Pirra 2,,Magasinet,,,,transport,,,,,,,,,,,,,,
Pallyft kort,Pallyft Kort 1,,Magasinet,,,,transport,,,,,,,,,,,,,,
Pallyft kort,Pallyft Kort 2,,Magasinet,,,,transport,,,,,,,,,,,,,,
Pallyft Lång,Pallyft Lång 1,,Magasinet,,,,transport,,,,,,,,,,,,,,
Pallyft Lång,Pallyft Lång 2,,Magasinet,,,,transport,,,,,,,,,,,,,,
Äventyrarspisar,Äventyrarspis 1,,Magasinet,,,,Mat,,,,,,,,,,,,,,
Äventyrarspisar,Äventyrarspis 2,,Magasinet,,,,Mat,,,,,,,,,,,,,,
Äventyrarspisar,Äventyrarspis 3,,Magasinet,,,,Mat,,,,,,,,,,,,,,
Äventyrarspisar,Äventyrarspis 4,,Magasinet,,,,Mat,,,,,,,,,,,,,,
Äventyrarspisar,Äventyrarspis 5,,Magasinet,,,,Mat,,,,,,,,,,,,,,
SvartGasol,Svartgasol,,Magasinet,,,,Mat,,,,,,,,,,,,,,